InvoiceID,CustomerID,InvoiceDate,Province,Category,ProductName,Quantity,UnitPrice,TotalPrice,InvoiceMonth,Month,Year
INV100000,CUST2276,2025-05-01 14:26:20,NL,Apparel,T-shirt,1,292.47,292.47,2025-05,5,2025
INV100001,CUST2214,2025-01-19 01:20:04,QC,Apparel,Jeans,1,487.94,487.94,2025-01,1,2025
INV100002,CUST3771,2025-01-02 07:03:09,QC,Electronics,Smartphone,2,97.19,194.38,2025-01,1,2025
INV100003,CUST6354,2025-05-21 10:22:11,QC,Home,Lamp,5,69.11,345.55,2025-05,5,2025
INV100004,CUST2838,2025-02-19 20:13:25,AB,Apparel,Jacket,5,329.59,1647.95,2025-02,2,2025
INV100005,CUST3422,2025-02-13 23:46:22,SK,Home,Lamp,3,434.46,1303.38,2025-02,2,2025
INV100006,CUST2699,2025-02-09 18:43:53,PE,Electronics,Laptop,2,133.36,266.72,2025-02,2,2025
INV100007,CUST6017,2025-01-24 12:47:16,AB,Apparel,Jeans,3,324.8,974.4,2025-01,1,2025
INV100008,CUST6083,2025-05-20 10:41:55,ON,Apparel,T-shirt,1,56.92,56.92,2025-05,5,2025
INV100009,CUST1341,2025-01-17 08:09:22,ON,Home,Sofa,5,412.85,2064.25,2025-01,1,2025
INV100010,CUST8000,2025-05-08 20:08:32,BC,Home,Bed,5,330.59,1652.95,2025-05,5,2025
INV100011,CUST5355,2025-05-21 06:15:21,NB,Home,Coffee Table,4,94.12,376.48,2025-05,5,2025
INV100012,CUST4860,2025-06-19 16:21:08,AB,Apparel,Jacket,5,81.86,409.3,2025-06,6,2025
INV100013,CUST3412,2025-04-13 08:05:11,ON,Home,Bed,5,73.48,367.4,2025-04,4,2025
INV100014,CUST6470,2025-01-14 07:39:30,BC,Apparel,Jeans,5,111.02,555.1,2025-01,1,2025
INV100015,CUST2080,2025-04-22 02:23:19,PE,Home,Lamp,5,381.6,1908.0,2025-04,4,2025
INV100016,CUST5341,2025-03-20 08:47:32,SK,Electronics,Headphones,2,296.91,593.82,2025-03,3,2025
INV100017,CUST1901,2025-01-03 14:36:43,ON,Home,Sofa,3,216.56,649.68,2025-01,1,2025
INV100018,CUST3738,2025-01-03 05:21:33,MB,Home,Lamp,1,361.81,361.81,2025-01,1,2025
INV100019,CUST4744,2025-01-15 15:08:44,NL,Electronics,Headphones,3,400.46,1201.38,2025-01,1,2025
INV100020,CUST8354,2025-02-08 21:25:15,MB,Apparel,Jacket,2,376.21,752.42,2025-02,2,2025
INV100021,CUST8435,2025-02-11 14:46:21,NB,Electronics,Monitor,4,301.17,1204.68,2025-02,2,2025
INV100022,CUST1153,2025-04-05 13:37:13,NL,Electronics,Laptop,3,401.9,1205.7,2025-04,4,2025
INV100023,CUST8797,2025-04-24 08:06:17,BC,Electronics,Laptop,1,111.65,111.65,2025-04,4,2025
INV100024,CUST4884,2025-01-02 14:09:38,NS,Apparel,Sneakers,4,152.96,611.84,2025-01,1,2025
INV100025,CUST5390,2025-04-16 10:05:08,MB,Electronics,Monitor,5,169.95,849.75,2025-04,4,2025
INV100026,CUST1003,2025-02-05 01:08:41,SK,Home,Lamp,3,100.39,301.17,2025-02,2,2025
INV100027,CUST3697,2025-05-16 11:23:14,NB,Electronics,Headphones,4,118.3,473.2,2025-05,5,2025
INV100028,CUST5565,2025-05-03 15:10:30,PE,Home,Lamp,1,296.92,296.92,2025-05,5,2025
INV100029,CUST6334,2025-05-13 14:54:19,QC,Apparel,Jacket,3,472.82,1418.46,2025-05,5,2025
INV100030,CUST7493,2025-04-13 06:06:19,SK,Apparel,T-shirt,3,378.21,1134.63,2025-04,4,2025
INV100031,CUST6472,2025-03-19 21:35:53,NS,Electronics,Smartphone,2,290.23,580.46,2025-03,3,2025
INV100032,CUST1207,2025-02-09 05:49:18,MB,Apparel,Jacket,3,154.5,463.5,2025-02,2,2025
INV100033,CUST3733,2025-03-25 15:57:36,BC,Apparel,Jacket,5,228.02,1140.1,2025-03,3,2025
INV100034,CUST2585,2025-04-21 20:40:16,BC,Apparel,Jeans,2,136.15,272.3,2025-04,4,2025
INV100035,CUST9253,2025-02-20 10:57:24,NS,Home,Sofa,1,291.19,291.19,2025-02,2,2025
INV100036,CUST4298,2025-06-03 14:42:48,NS,Apparel,Jacket,1,412.0,412.0,2025-06,6,2025
INV100037,CUST2298,2025-06-15 05:43:38,ON,Home,Lamp,2,434.06,868.12,2025-06,6,2025
INV100038,CUST4989,2024-12-29 16:46:50,AB,Apparel,Jeans,5,490.16,2450.8,2024-12,12,2024
INV100039,CUST4487,2025-05-24 18:47:34,NB,Apparel,T-shirt,3,319.84,959.52,2025-05,5,2025
INV100040,CUST9523,2025-06-02 21:53:02,AB,Home,Lamp,2,86.54,173.08,2025-06,6,2025
INV100041,CUST9321,2025-01-28 10:33:37,SK,Home,Sofa,5,20.01,100.05,2025-01,1,2025
INV100042,CUST7531,2025-05-13 00:03:34,AB,Electronics,Monitor,2,497.37,994.74,2025-05,5,2025
INV100043,CUST7326,2025-03-20 12:01:12,NL,Apparel,Sneakers,3,383.84,1151.52,2025-03,3,2025
INV100044,CUST5724,2025-03-04 12:10:35,AB,Electronics,Headphones,1,285.97,285.97,2025-03,3,2025
INV100045,CUST6301,2025-02-20 09:28:06,SK,Home,Coffee Table,3,299.23,897.69,2025-02,2,2025
INV100046,CUST7960,2025-01-27 15:04:52,MB,Home,Coffee Table,4,223.04,892.16,2025-01,1,2025
INV100047,CUST4596,2025-02-08 05:55:44,SK,Apparel,T-shirt,3,288.03,864.09,2025-02,2,2025
INV100048,CUST9261,2025-05-25 16:38:04,AB,Electronics,Headphones,5,311.66,1558.3,2025-05,5,2025
INV100049,CUST2986,2025-03-03 19:08:18,PE,Electronics,Monitor,3,213.38,640.14,2025-03,3,2025
INV100050,CUST9100,2025-01-17 06:49:42,QC,Apparel,Jacket,5,259.5,1297.5,2025-01,1,2025
INV100051,CUST2198,2025-01-15 10:43:16,MB,Apparel,Jeans,1,262.73,262.73,2025-01,1,2025
INV100052,CUST2271,2025-03-12 05:05:01,NS,Home,Lamp,3,102.06,306.18,2025-03,3,2025
INV100053,CUST8102,2025-01-16 05:13:30,QC,Home,Coffee Table,5,63.15,315.75,2025-01,1,2025
INV100054,CUST6965,2025-03-08 03:27:33,MB,Home,Sofa,5,449.53,2247.65,2025-03,3,2025
INV100055,CUST8159,2025-06-11 00:06:15,NB,Home,Bed,2,301.95,603.9,2025-06,6,2025
INV100056,CUST7046,2025-03-05 05:26:38,QC,Home,Bed,2,269.44,538.88,2025-03,3,2025
INV100057,CUST5739,2025-04-24 16:03:41,MB,Electronics,Monitor,4,117.94,471.76,2025-04,4,2025
INV100058,CUST9340,2025-02-17 19:15:02,QC,Apparel,T-shirt,5,51.49,257.45,2025-02,2,2025
INV100059,CUST6416,2025-06-03 03:59:04,AB,Home,Bed,5,81.89,409.45,2025-06,6,2025
INV100060,CUST8734,2025-01-05 20:59:16,ON,Home,Bed,1,329.59,329.59,2025-01,1,2025
INV100061,CUST1698,2025-05-19 03:17:26,QC,Apparel,Sneakers,5,187.81,939.05,2025-05,5,2025
INV100062,CUST5133,2025-03-27 15:34:09,SK,Electronics,Headphones,3,123.54,370.62,2025-03,3,2025
INV100063,CUST8793,2025-04-11 13:29:53,NS,Home,Bed,5,412.75,2063.75,2025-04,4,2025
INV100064,CUST9896,2025-01-21 16:13:34,NB,Home,Bed,3,346.3,1038.9,2025-01,1,2025
INV100065,CUST1350,2025-06-25 12:42:07,SK,Home,Bed,4,467.75,1871.0,2025-06,6,2025
INV100066,CUST5885,2025-03-11 22:35:32,ON,Electronics,Smartphone,2,53.58,107.16,2025-03,3,2025
INV100067,CUST4744,2025-01-12 17:43:46,PE,Home,Lamp,1,395.04,395.04,2025-01,1,2025
INV100068,CUST7221,2025-04-14 15:11:23,PE,Home,Lamp,2,320.7,641.4,2025-04,4,2025
INV100069,CUST7608,2025-02-23 08:48:14,ON,Apparel,Jeans,4,244.88,979.52,2025-02,2,2025
INV100070,CUST4512,2025-06-07 11:48:00,NB,Apparel,T-shirt,4,393.16,1572.64,2025-06,6,2025
INV100071,CUST7420,2025-04-29 12:10:04,NS,Electronics,Monitor,3,408.48,1225.44,2025-04,4,2025
INV100072,CUST7118,2025-04-27 13:00:18,NB,Home,Sofa,3,441.28,1323.84,2025-04,4,2025
INV100073,CUST3083,2025-06-18 08:59:54,NB,Apparel,Sneakers,5,97.67,488.35,2025-06,6,2025
INV100074,CUST2709,2025-06-13 18:20:21,PE,Electronics,Smartphone,4,43.03,172.12,2025-06,6,2025
INV100075,CUST8170,2025-03-08 15:50:07,NS,Home,Sofa,1,270.18,270.18,2025-03,3,2025
INV100076,CUST5478,2025-04-19 13:09:00,PE,Electronics,Headphones,2,139.67,279.34,2025-04,4,2025
INV100077,CUST1851,2025-02-03 18:37:26,SK,Electronics,Laptop,5,117.01,585.05,2025-02,2,2025
INV100078,CUST5535,2025-05-14 06:02:12,MB,Electronics,Smartphone,1,149.98,149.98,2025-05,5,2025
INV100079,CUST8086,2025-01-10 22:38:40,PE,Home,Coffee Table,5,413.33,2066.65,2025-01,1,2025
INV100080,CUST4263,2025-01-06 08:03:04,ON,Apparel,Jeans,3,342.53,1027.59,2025-01,1,2025
INV100081,CUST2174,2025-05-05 20:12:16,PE,Apparel,Jeans,2,489.39,978.78,2025-05,5,2025
INV100082,CUST1668,2025-02-10 16:34:37,AB,Electronics,Headphones,4,250.89,1003.56,2025-02,2,2025
INV100083,CUST9308,2025-05-27 13:15:13,PE,Home,Lamp,5,405.24,2026.2,2025-05,5,2025
INV100084,CUST8303,2025-02-22 15:08:23,NB,Home,Sofa,1,53.88,53.88,2025-02,2,2025
INV100085,CUST5983,2025-01-12 22:21:06,NL,Electronics,Headphones,5,357.06,1785.3,2025-01,1,2025
INV100086,CUST2221,2025-06-12 12:33:49,SK,Electronics,Smartphone,4,103.22,412.88,2025-06,6,2025
INV100087,CUST1231,2025-02-11 15:22:41,PE,Electronics,Headphones,4,143.33,573.32,2025-02,2,2025
INV100088,CUST7371,2025-06-14 16:36:02,SK,Home,Bed,5,353.08,1765.4,2025-06,6,2025
INV100089,CUST4049,2025-01-17 01:11:41,NB,Home,Bed,1,161.29,161.29,2025-01,1,2025
INV100090,CUST3726,2025-03-12 06:00:38,NS,Home,Sofa,2,307.97,615.94,2025-03,3,2025
INV100091,CUST6309,2025-02-20 09:56:42,MB,Electronics,Smartphone,4,465.35,1861.4,2025-02,2,2025
INV100092,CUST4563,2025-03-26 11:32:21,NL,Electronics,Monitor,3,349.05,1047.15,2025-03,3,2025
INV100093,CUST8059,2025-04-30 20:59:54,NS,Home,Bed,1,372.57,372.57,2025-04,4,2025
INV100094,CUST6750,2025-06-08 09:43:49,NS,Electronics,Laptop,4,153.14,612.56,2025-06,6,2025
INV100095,CUST7519,2025-03-09 06:44:07,ON,Electronics,Smartphone,3,409.13,1227.39,2025-03,3,2025
INV100096,CUST2406,2025-01-29 00:31:01,QC,Home,Bed,1,205.5,205.5,2025-01,1,2025
INV100097,CUST8897,2025-03-10 07:39:45,SK,Home,Lamp,1,87.5,87.5,2025-03,3,2025
INV100098,CUST1750,2025-03-07 10:10:32,ON,Home,Sofa,3,135.25,405.75,2025-03,3,2025
INV100099,CUST7272,2025-02-07 02:52:03,AB,Apparel,T-shirt,3,335.12,1005.36,2025-02,2,2025
INV100100,CUST7124,2025-05-07 13:44:12,NB,Home,Sofa,1,440.54,440.54,2025-05,5,2025
INV100101,CUST9507,2025-02-18 06:42:03,ON,Apparel,Jeans,4,474.27,1897.08,2025-02,2,2025
INV100102,CUST8196,2025-05-13 17:12:49,ON,Home,Sofa,3,72.75,218.25,2025-05,5,2025
INV100103,CUST6159,2025-06-28 07:37:15,SK,Home,Sofa,2,455.12,910.24,2025-06,6,2025
INV100104,CUST8376,2025-05-10 04:03:25,BC,Electronics,Smartphone,2,439.0,878.0,2025-05,5,2025
INV100105,CUST6926,2025-05-03 06:33:28,ON,Apparel,Jeans,4,252.59,1010.36,2025-05,5,2025
INV100106,CUST8954,2025-01-11 07:15:14,ON,Electronics,Headphones,2,377.4,754.8,2025-01,1,2025
INV100107,CUST2328,2025-04-25 17:15:01,AB,Electronics,Headphones,4,144.82,579.28,2025-04,4,2025
INV100108,CUST8117,2025-04-30 17:42:26,BC,Apparel,Sneakers,1,311.23,311.23,2025-04,4,2025
INV100109,CUST8577,2025-01-30 16:03:29,PE,Home,Lamp,2,140.66,281.32,2025-01,1,2025
INV100110,CUST6259,2025-04-11 03:45:59,MB,Electronics,Laptop,5,23.22,116.1,2025-04,4,2025
INV100111,CUST9594,2025-05-19 00:28:16,AB,Home,Coffee Table,2,160.33,320.66,2025-05,5,2025
INV100112,CUST8808,2025-02-13 23:23:44,NL,Apparel,T-shirt,1,299.87,299.87,2025-02,2,2025
INV100113,CUST2099,2025-01-29 04:00:17,QC,Electronics,Smartphone,4,280.48,1121.92,2025-01,1,2025
INV100114,CUST7985,2025-03-28 04:46:58,ON,Apparel,T-shirt,3,79.7,239.1,2025-03,3,2025
INV100115,CUST3271,2025-03-12 02:53:04,NL,Home,Sofa,4,128.16,512.64,2025-03,3,2025
INV100116,CUST7760,2025-02-18 20:32:31,AB,Apparel,T-shirt,2,196.8,393.6,2025-02,2,2025
INV100117,CUST5557,2025-06-26 03:07:46,ON,Electronics,Headphones,5,323.63,1618.15,2025-06,6,2025
INV100118,CUST7628,2025-05-01 17:06:33,NB,Electronics,Laptop,4,336.48,1345.92,2025-05,5,2025
INV100119,CUST1971,2025-05-11 01:33:40,NS,Apparel,Jeans,4,178.87,715.48,2025-05,5,2025
INV100120,CUST2934,2025-04-15 14:04:05,ON,Electronics,Headphones,2,470.94,941.88,2025-04,4,2025
INV100121,CUST7343,2025-02-09 01:58:30,MB,Electronics,Headphones,4,447.85,1791.4,2025-02,2,2025
INV100122,CUST8736,2025-05-10 09:01:40,NS,Apparel,Jacket,2,69.9,139.8,2025-05,5,2025
INV100123,CUST8721,2025-03-01 09:45:40,BC,Home,Coffee Table,2,94.27,188.54,2025-03,3,2025
INV100124,CUST9198,2025-06-10 02:28:07,SK,Home,Sofa,5,498.29,2491.45,2025-06,6,2025
INV100125,CUST3392,2025-05-26 15:05:41,MB,Apparel,T-shirt,1,494.25,494.25,2025-05,5,2025
INV100126,CUST7446,2025-05-28 02:54:57,PE,Electronics,Laptop,2,69.64,139.28,2025-05,5,2025
INV100127,CUST9273,2025-01-08 07:11:02,NB,Apparel,Jeans,1,452.34,452.34,2025-01,1,2025
INV100128,CUST5893,2025-02-10 21:56:07,MB,Home,Bed,3,343.62,1030.86,2025-02,2,2025
INV100129,CUST1244,2025-06-06 00:22:18,AB,Home,Sofa,2,276.85,553.7,2025-06,6,2025
INV100130,CUST6799,2025-01-03 16:05:31,NS,Electronics,Smartphone,2,60.01,120.02,2025-01,1,2025
INV100131,CUST9906,2025-06-02 18:16:46,NL,Apparel,Jacket,4,109.24,436.96,2025-06,6,2025
INV100132,CUST6204,2025-02-27 16:36:42,NL,Apparel,Sneakers,5,231.36,1156.8,2025-02,2,2025
INV100133,CUST4695,2025-03-16 08:03:27,NS,Electronics,Monitor,4,141.9,567.6,2025-03,3,2025
INV100134,CUST6593,2025-02-18 10:15:25,BC,Home,Sofa,1,53.89,53.89,2025-02,2,2025
INV100135,CUST8202,2025-01-10 06:57:19,NB,Home,Bed,4,53.56,214.24,2025-01,1,2025
INV100136,CUST7179,2025-02-07 09:44:43,NL,Electronics,Laptop,2,236.31,472.62,2025-02,2,2025
INV100137,CUST2316,2025-06-23 18:01:00,MB,Electronics,Headphones,2,119.13,238.26,2025-06,6,2025
INV100138,CUST2144,2025-04-17 13:44:41,ON,Apparel,Jacket,1,348.33,348.33,2025-04,4,2025
INV100139,CUST5362,2025-06-16 14:39:47,BC,Home,Coffee Table,1,291.76,291.76,2025-06,6,2025
INV100140,CUST4762,2025-05-16 20:13:01,MB,Electronics,Headphones,3,116.73,350.19,2025-05,5,2025
INV100141,CUST8832,2025-02-27 12:59:57,ON,Electronics,Headphones,4,163.55,654.2,2025-02,2,2025
INV100142,CUST8016,2025-02-07 17:24:20,AB,Electronics,Monitor,5,315.69,1578.45,2025-02,2,2025
INV100143,CUST1069,2025-05-04 17:03:35,NL,Apparel,Sneakers,4,351.55,1406.2,2025-05,5,2025
INV100144,CUST8330,2025-04-04 09:04:49,PE,Apparel,Jeans,4,242.28,969.12,2025-04,4,2025
INV100145,CUST8047,2025-03-15 06:16:20,AB,Electronics,Smartphone,2,346.13,692.26,2025-03,3,2025
INV100146,CUST3533,2025-06-18 05:24:59,PE,Home,Bed,3,259.06,777.18,2025-06,6,2025
INV100147,CUST2696,2025-06-24 00:35:41,QC,Apparel,Jeans,3,99.35,298.05,2025-06,6,2025
INV100148,CUST9699,2025-05-02 06:24:03,NB,Apparel,Jacket,4,220.99,883.96,2025-05,5,2025
INV100149,CUST6476,2025-03-27 12:53:55,ON,Apparel,Jeans,1,31.11,31.11,2025-03,3,2025
INV100150,CUST4409,2025-01-25 04:19:26,NB,Electronics,Monitor,5,349.16,1745.8,2025-01,1,2025
INV100151,CUST8811,2025-02-17 20:55:30,NL,Apparel,Jacket,3,467.76,1403.28,2025-02,2,2025
INV100152,CUST1751,2025-01-24 13:13:07,QC,Apparel,Sneakers,4,357.11,1428.44,2025-01,1,2025
INV100153,CUST7052,2025-02-14 07:51:41,NS,Apparel,Jeans,5,234.68,1173.4,2025-02,2,2025
INV100154,CUST3406,2025-05-22 02:23:40,BC,Apparel,T-shirt,2,367.22,734.44,2025-05,5,2025
INV100155,CUST6503,2025-04-16 10:39:33,ON,Apparel,T-shirt,4,434.88,1739.52,2025-04,4,2025
INV100156,CUST5849,2025-04-12 02:18:37,NL,Apparel,Jeans,2,272.92,545.84,2025-04,4,2025
INV100157,CUST2543,2025-02-17 10:57:31,PE,Home,Coffee Table,2,417.77,835.54,2025-02,2,2025
INV100158,CUST2517,2025-05-22 11:49:51,SK,Electronics,Headphones,4,243.38,973.52,2025-05,5,2025
INV100159,CUST4471,2025-04-20 22:51:44,NB,Apparel,Jeans,5,364.07,1820.35,2025-04,4,2025
INV100160,CUST3450,2025-03-21 15:08:25,ON,Electronics,Headphones,2,409.6,819.2,2025-03,3,2025
INV100161,CUST9755,2025-06-20 18:39:07,BC,Apparel,Jacket,4,302.61,1210.44,2025-06,6,2025
INV100162,CUST2201,2025-04-20 17:57:16,AB,Home,Sofa,4,408.94,1635.76,2025-04,4,2025
INV100163,CUST7124,2025-03-15 23:50:07,ON,Home,Lamp,1,432.9,432.9,2025-03,3,2025
INV100164,CUST9243,2025-03-08 17:31:11,BC,Apparel,T-shirt,3,281.07,843.21,2025-03,3,2025
INV100165,CUST9049,2025-02-09 00:36:10,BC,Home,Bed,2,219.81,439.62,2025-02,2,2025
INV100166,CUST5632,2025-01-24 07:10:00,ON,Home,Lamp,1,436.88,436.88,2025-01,1,2025
INV100167,CUST9588,2025-04-06 09:03:31,ON,Apparel,T-shirt,3,441.03,1323.09,2025-04,4,2025
INV100168,CUST3840,2025-04-03 06:26:40,MB,Home,Bed,3,429.14,1287.42,2025-04,4,2025
INV100169,CUST9278,2025-01-15 02:09:45,QC,Home,Coffee Table,2,253.46,506.92,2025-01,1,2025
INV100170,CUST3599,2025-05-24 04:41:39,NS,Home,Bed,2,488.87,977.74,2025-05,5,2025
INV100171,CUST3880,2025-01-06 14:04:20,NS,Home,Sofa,1,464.27,464.27,2025-01,1,2025
INV100172,CUST7931,2025-06-13 15:31:28,SK,Home,Coffee Table,1,438.07,438.07,2025-06,6,2025
INV100173,CUST3218,2025-01-18 17:29:46,MB,Apparel,Jacket,1,146.42,146.42,2025-01,1,2025
INV100174,CUST5637,2025-01-27 02:47:10,BC,Apparel,T-shirt,3,239.43,718.29,2025-01,1,2025
INV100175,CUST4872,2025-04-29 06:36:16,SK,Apparel,T-shirt,1,304.43,304.43,2025-04,4,2025
INV100176,CUST9129,2025-01-28 12:03:51,NS,Apparel,Jacket,2,28.37,56.74,2025-01,1,2025
INV100177,CUST1600,2025-05-31 05:51:05,MB,Apparel,Jeans,1,401.02,401.02,2025-05,5,2025
INV100178,CUST3412,2025-05-09 13:45:59,MB,Electronics,Laptop,4,373.77,1495.08,2025-05,5,2025
INV100179,CUST5437,2025-03-20 09:54:07,SK,Apparel,Jeans,1,278.18,278.18,2025-03,3,2025
INV100180,CUST2770,2025-04-23 05:57:42,NS,Electronics,Headphones,3,204.15,612.45,2025-04,4,2025
INV100181,CUST1541,2025-01-09 18:33:17,AB,Home,Coffee Table,5,219.61,1098.05,2025-01,1,2025
INV100182,CUST3405,2025-03-13 03:38:23,QC,Home,Lamp,2,144.37,288.74,2025-03,3,2025
INV100183,CUST1481,2025-03-12 12:58:08,NB,Electronics,Headphones,3,256.11,768.33,2025-03,3,2025
INV100184,CUST4094,2025-04-23 03:32:07,PE,Home,Bed,2,371.2,742.4,2025-04,4,2025
INV100185,CUST4235,2025-03-29 07:45:53,ON,Home,Sofa,3,449.73,1349.19,2025-03,3,2025
INV100186,CUST5400,2025-04-10 04:20:44,NS,Apparel,Jeans,2,278.3,556.6,2025-04,4,2025
INV100187,CUST3562,2025-02-15 06:10:07,SK,Apparel,Sneakers,3,438.23,1314.69,2025-02,2,2025
INV100188,CUST2899,2025-04-14 20:42:49,QC,Electronics,Headphones,1,272.77,272.77,2025-04,4,2025
INV100189,CUST7579,2025-06-13 14:01:05,NS,Home,Sofa,4,145.86,583.44,2025-06,6,2025
INV100190,CUST6205,2024-12-30 15:59:58,NL,Home,Sofa,1,210.09,210.09,2024-12,12,2024
INV100191,CUST9433,2025-05-09 12:50:40,ON,Electronics,Headphones,2,308.15,616.3,2025-05,5,2025
INV100192,CUST7025,2025-05-17 09:18:04,NL,Apparel,T-shirt,2,381.34,762.68,2025-05,5,2025
INV100193,CUST6167,2025-01-19 16:20:38,NL,Home,Sofa,1,196.44,196.44,2025-01,1,2025
INV100194,CUST8347,2025-05-09 19:29:41,NB,Apparel,Jeans,5,166.82,834.1,2025-05,5,2025
INV100195,CUST8417,2025-06-18 05:54:25,MB,Home,Sofa,3,318.74,956.22,2025-06,6,2025
INV100196,CUST1359,2025-04-11 16:57:26,AB,Apparel,Jacket,5,170.4,852.0,2025-04,4,2025
INV100197,CUST4756,2025-05-23 05:50:18,AB,Electronics,Headphones,1,38.16,38.16,2025-05,5,2025
INV100198,CUST8427,2025-02-18 05:59:22,PE,Apparel,Sneakers,5,195.59,977.95,2025-02,2,2025
INV100199,CUST8184,2025-05-26 16:25:25,AB,Home,Sofa,4,49.65,198.6,2025-05,5,2025
INV100200,CUST8268,2025-05-01 21:35:33,PE,Apparel,Sneakers,4,12.27,49.08,2025-05,5,2025
INV100201,CUST1657,2025-03-04 11:49:36,MB,Electronics,Laptop,1,201.21,201.21,2025-03,3,2025
INV100202,CUST1298,2025-01-19 02:21:53,QC,Electronics,Headphones,1,169.33,169.33,2025-01,1,2025
INV100203,CUST2342,2025-02-23 10:18:14,SK,Home,Coffee Table,4,468.58,1874.32,2025-02,2,2025
INV100204,CUST8175,2025-03-22 20:38:49,NB,Electronics,Headphones,1,301.14,301.14,2025-03,3,2025
INV100205,CUST2998,2025-01-28 03:33:45,NL,Electronics,Smartphone,3,219.51,658.53,2025-01,1,2025
INV100206,CUST7439,2025-03-26 12:59:59,QC,Electronics,Smartphone,2,310.53,621.06,2025-03,3,2025
INV100207,CUST4864,2024-12-29 01:37:06,ON,Electronics,Headphones,4,178.31,713.24,2024-12,12,2024
INV100208,CUST9207,2025-05-17 15:41:13,BC,Electronics,Monitor,1,192.9,192.9,2025-05,5,2025
INV100209,CUST1800,2025-06-16 12:15:52,BC,Home,Coffee Table,1,243.33,243.33,2025-06,6,2025
INV100210,CUST3694,2025-05-17 04:26:57,NB,Apparel,Jeans,3,352.46,1057.38,2025-05,5,2025
INV100211,CUST6144,2025-02-17 13:58:33,AB,Home,Coffee Table,5,121.24,606.2,2025-02,2,2025
INV100212,CUST4449,2025-04-04 15:23:40,PE,Apparel,Sneakers,1,66.02,66.02,2025-04,4,2025
INV100213,CUST2012,2025-05-25 09:29:43,NL,Home,Sofa,5,106.09,530.45,2025-05,5,2025
INV100214,CUST8161,2025-02-01 03:04:20,SK,Electronics,Monitor,5,205.2,1026.0,2025-02,2,2025
INV100215,CUST2605,2025-04-06 00:27:44,MB,Home,Lamp,5,82.39,411.95,2025-04,4,2025
INV100216,CUST1814,2025-06-23 15:38:53,PE,Apparel,Jacket,3,408.01,1224.03,2025-06,6,2025
INV100217,CUST7029,2025-01-18 02:24:16,QC,Electronics,Monitor,1,297.86,297.86,2025-01,1,2025
INV100218,CUST5821,2025-06-15 11:24:17,ON,Electronics,Laptop,4,104.67,418.68,2025-06,6,2025
INV100219,CUST7888,2025-04-28 20:36:15,PE,Home,Coffee Table,2,181.29,362.58,2025-04,4,2025
INV100220,CUST3316,2025-02-24 09:20:51,ON,Apparel,Jeans,2,448.15,896.3,2025-02,2,2025
INV100221,CUST5740,2025-06-09 20:57:27,MB,Electronics,Laptop,1,10.07,10.07,2025-06,6,2025
INV100222,CUST5997,2025-05-01 12:12:52,ON,Apparel,Jeans,5,130.97,654.85,2025-05,5,2025
INV100223,CUST7462,2025-04-06 00:22:28,BC,Home,Sofa,2,126.12,252.24,2025-04,4,2025
INV100224,CUST3581,2025-04-25 16:30:03,AB,Electronics,Smartphone,3,44.01,132.03,2025-04,4,2025
INV100225,CUST1165,2025-02-05 01:29:13,MB,Home,Coffee Table,3,414.14,1242.42,2025-02,2,2025
INV100226,CUST1029,2025-01-27 02:46:36,AB,Electronics,Headphones,4,366.91,1467.64,2025-01,1,2025
INV100227,CUST9789,2025-03-11 01:03:32,BC,Electronics,Laptop,3,249.32,747.96,2025-03,3,2025
INV100228,CUST2598,2025-05-25 12:03:07,AB,Home,Bed,3,286.84,860.52,2025-05,5,2025
INV100229,CUST7736,2025-01-28 19:22:02,AB,Home,Coffee Table,4,310.72,1242.88,2025-01,1,2025
INV100230,CUST5192,2025-04-12 04:10:57,PE,Apparel,Jeans,5,478.1,2390.5,2025-04,4,2025
INV100231,CUST8115,2025-05-28 15:09:23,PE,Electronics,Smartphone,5,84.82,424.1,2025-05,5,2025
INV100232,CUST5459,2025-06-25 13:20:54,NL,Electronics,Headphones,5,328.04,1640.2,2025-06,6,2025
INV100233,CUST9791,2025-04-10 10:07:17,NB,Electronics,Monitor,3,276.78,830.34,2025-04,4,2025
INV100234,CUST4368,2025-06-24 18:59:02,AB,Electronics,Smartphone,2,418.75,837.5,2025-06,6,2025
INV100235,CUST6264,2024-12-28 13:09:33,NB,Electronics,Laptop,2,209.93,419.86,2024-12,12,2024
INV100236,CUST6131,2025-04-23 17:46:41,NB,Electronics,Monitor,5,324.38,1621.9,2025-04,4,2025
INV100237,CUST7811,2025-03-01 09:10:15,BC,Electronics,Monitor,1,267.52,267.52,2025-03,3,2025
INV100238,CUST1805,2025-04-02 07:33:42,QC,Apparel,Jacket,2,18.57,37.14,2025-04,4,2025
INV100239,CUST8958,2025-01-01 05:15:44,SK,Electronics,Smartphone,4,201.31,805.24,2025-01,1,2025
INV100240,CUST9935,2025-01-19 03:50:07,SK,Home,Coffee Table,4,14.49,57.96,2025-01,1,2025
INV100241,CUST2073,2025-06-26 20:24:27,NB,Home,Lamp,4,222.9,891.6,2025-06,6,2025
INV100242,CUST9466,2025-03-08 22:06:25,SK,Electronics,Headphones,1,324.01,324.01,2025-03,3,2025
INV100243,CUST7245,2025-06-17 01:38:05,NL,Apparel,T-shirt,5,341.72,1708.6,2025-06,6,2025
INV100244,CUST9730,2025-06-07 22:20:11,NL,Apparel,Jeans,5,363.47,1817.35,2025-06,6,2025
INV100245,CUST6033,2025-06-03 02:20:14,NL,Apparel,Jeans,1,203.95,203.95,2025-06,6,2025
INV100246,CUST2354,2025-02-26 03:36:49,BC,Electronics,Monitor,1,180.94,180.94,2025-02,2,2025
INV100247,CUST4507,2025-02-12 22:25:22,NB,Electronics,Smartphone,2,401.07,802.14,2025-02,2,2025
INV100248,CUST5549,2025-01-08 16:26:42,ON,Electronics,Laptop,5,406.73,2033.65,2025-01,1,2025
INV100249,CUST6891,2025-02-13 05:02:13,NL,Home,Coffee Table,4,282.69,1130.76,2025-02,2,2025
INV100250,CUST1396,2025-06-16 22:18:55,AB,Electronics,Monitor,5,442.4,2212.0,2025-06,6,2025
INV100251,CUST7207,2025-04-17 14:34:08,SK,Home,Sofa,3,261.48,784.44,2025-04,4,2025
INV100252,CUST4076,2025-01-12 17:31:43,BC,Electronics,Headphones,1,163.96,163.96,2025-01,1,2025
INV100253,CUST1635,2025-01-14 01:40:05,BC,Apparel,T-shirt,4,66.41,265.64,2025-01,1,2025
INV100254,CUST6986,2025-05-19 13:25:50,NL,Apparel,Jeans,1,178.03,178.03,2025-05,5,2025
INV100255,CUST9933,2025-04-01 19:22:25,ON,Apparel,Jacket,2,70.41,140.82,2025-04,4,2025
INV100256,CUST6627,2025-06-04 21:26:17,MB,Apparel,Jacket,1,281.12,281.12,2025-06,6,2025
INV100257,CUST8308,2025-01-10 21:02:52,PE,Home,Sofa,1,174.11,174.11,2025-01,1,2025
INV100258,CUST2361,2025-05-25 03:09:25,QC,Electronics,Laptop,2,172.02,344.04,2025-05,5,2025
INV100259,CUST9879,2025-04-10 21:05:05,NL,Electronics,Laptop,2,397.99,795.98,2025-04,4,2025
INV100260,CUST8485,2025-05-26 03:32:28,AB,Home,Bed,5,236.48,1182.4,2025-05,5,2025
INV100261,CUST2107,2025-01-21 20:34:50,NL,Electronics,Monitor,4,360.42,1441.68,2025-01,1,2025
INV100262,CUST1389,2025-01-22 08:50:30,AB,Electronics,Monitor,2,494.62,989.24,2025-01,1,2025
INV100263,CUST1567,2025-05-05 13:09:21,NL,Electronics,Headphones,5,320.93,1604.65,2025-05,5,2025
INV100264,CUST4740,2025-03-30 17:28:14,AB,Apparel,Jacket,5,155.24,776.2,2025-03,3,2025
INV100265,CUST5768,2025-04-14 04:45:52,NB,Apparel,Jacket,3,65.95,197.85,2025-04,4,2025
INV100266,CUST5644,2025-01-29 12:02:29,PE,Home,Sofa,2,33.44,66.88,2025-01,1,2025
INV100267,CUST5207,2025-02-17 21:44:51,PE,Apparel,Jacket,5,298.91,1494.55,2025-02,2,2025
INV100268,CUST7402,2025-04-09 21:37:56,SK,Electronics,Headphones,2,83.45,166.9,2025-04,4,2025
INV100269,CUST1147,2025-06-15 20:19:36,NL,Home,Lamp,3,173.25,519.75,2025-06,6,2025
INV100270,CUST1911,2025-04-25 05:25:36,NB,Apparel,Sneakers,2,244.01,488.02,2025-04,4,2025
INV100271,CUST8651,2025-03-20 14:27:35,BC,Electronics,Laptop,3,182.24,546.72,2025-03,3,2025
INV100272,CUST8901,2025-02-07 13:32:43,BC,Home,Coffee Table,4,337.93,1351.72,2025-02,2,2025
INV100273,CUST7558,2025-06-26 19:32:41,NL,Electronics,Headphones,4,159.73,638.92,2025-06,6,2025
INV100274,CUST5616,2025-04-12 03:47:45,SK,Home,Coffee Table,4,471.85,1887.4,2025-04,4,2025
INV100275,CUST1453,2025-05-24 02:17:06,SK,Home,Sofa,3,494.12,1482.36,2025-05,5,2025
INV100276,CUST7567,2025-05-19 04:13:10,PE,Electronics,Smartphone,3,94.83,284.49,2025-05,5,2025
INV100277,CUST4491,2025-05-11 09:30:37,NL,Apparel,T-shirt,4,463.92,1855.68,2025-05,5,2025
INV100278,CUST5874,2025-02-05 11:55:33,NS,Electronics,Headphones,5,58.21,291.05,2025-02,2,2025
INV100279,CUST3218,2025-05-15 21:04:37,BC,Home,Coffee Table,1,135.07,135.07,2025-05,5,2025
INV100280,CUST7439,2025-02-26 23:11:50,MB,Electronics,Monitor,2,37.88,75.76,2025-02,2,2025
INV100281,CUST1805,2025-03-15 21:55:58,AB,Electronics,Smartphone,3,398.34,1195.02,2025-03,3,2025
INV100282,CUST9952,2025-05-07 20:46:56,BC,Home,Sofa,1,389.64,389.64,2025-05,5,2025
INV100283,CUST3996,2025-05-03 15:08:43,BC,Apparel,T-shirt,1,183.67,183.67,2025-05,5,2025
INV100284,CUST2491,2025-03-10 22:45:35,PE,Electronics,Headphones,2,282.0,564.0,2025-03,3,2025
INV100285,CUST4583,2025-03-23 12:11:18,ON,Home,Lamp,4,103.15,412.6,2025-03,3,2025
INV100286,CUST9707,2025-06-21 02:59:58,NB,Home,Lamp,5,104.5,522.5,2025-06,6,2025
INV100287,CUST6004,2025-04-07 22:34:20,AB,Apparel,Jeans,4,199.47,797.88,2025-04,4,2025
INV100288,CUST4257,2025-03-26 02:34:19,ON,Electronics,Laptop,2,354.59,709.18,2025-03,3,2025
INV100289,CUST3594,2025-01-20 22:24:52,PE,Apparel,Sneakers,5,210.28,1051.4,2025-01,1,2025
INV100290,CUST9667,2025-02-14 13:49:05,NB,Apparel,Jeans,4,96.97,387.88,2025-02,2,2025
INV100291,CUST8090,2025-02-10 01:39:34,ON,Apparel,Jeans,4,487.55,1950.2,2025-02,2,2025
INV100292,CUST1854,2025-01-09 20:52:35,ON,Home,Lamp,2,159.13,318.26,2025-01,1,2025
INV100293,CUST6847,2025-03-04 02:05:13,MB,Electronics,Headphones,3,52.36,157.08,2025-03,3,2025
INV100294,CUST6482,2025-01-01 12:31:15,NB,Apparel,Jeans,2,174.08,348.16,2025-01,1,2025
INV100295,CUST5698,2025-04-21 16:12:41,NL,Electronics,Smartphone,5,316.77,1583.85,2025-04,4,2025
INV100296,CUST8055,2025-04-14 23:57:20,AB,Electronics,Smartphone,1,254.08,254.08,2025-04,4,2025
INV100297,CUST2302,2025-02-11 02:54:23,MB,Home,Coffee Table,3,72.94,218.82,2025-02,2,2025
INV100298,CUST2722,2025-04-21 16:49:25,BC,Home,Lamp,1,360.38,360.38,2025-04,4,2025
INV100299,CUST8016,2025-02-09 04:46:53,SK,Electronics,Monitor,2,410.39,820.78,2025-02,2,2025
INV100300,CUST4566,2024-12-29 20:00:21,NS,Home,Sofa,1,393.15,393.15,2024-12,12,2024
INV100301,CUST1451,2025-01-11 05:20:45,QC,Home,Bed,2,329.15,658.3,2025-01,1,2025
INV100302,CUST5102,2025-05-14 21:16:19,AB,Apparel,Jeans,1,233.68,233.68,2025-05,5,2025
INV100303,CUST3019,2025-04-29 23:38:49,QC,Apparel,Sneakers,2,283.35,566.7,2025-04,4,2025
INV100304,CUST8621,2025-01-08 20:51:56,SK,Home,Sofa,4,438.36,1753.44,2025-01,1,2025
INV100305,CUST2175,2025-02-10 21:26:24,ON,Electronics,Monitor,3,224.67,674.01,2025-02,2,2025
INV100306,CUST4814,2025-01-10 12:36:08,QC,Apparel,Jacket,2,388.86,777.72,2025-01,1,2025
INV100307,CUST3719,2025-06-22 06:03:26,NL,Electronics,Laptop,5,284.01,1420.05,2025-06,6,2025
INV100308,CUST6879,2025-01-03 12:53:20,MB,Electronics,Smartphone,4,138.48,553.92,2025-01,1,2025
INV100309,CUST1381,2025-06-13 08:41:07,NL,Home,Bed,4,393.99,1575.96,2025-06,6,2025
INV100310,CUST5629,2025-03-02 14:24:09,PE,Home,Coffee Table,2,362.16,724.32,2025-03,3,2025
INV100311,CUST9513,2025-01-11 04:42:48,NB,Electronics,Smartphone,5,34.27,171.35,2025-01,1,2025
INV100312,CUST4654,2025-04-07 06:38:07,NS,Home,Coffee Table,4,12.55,50.2,2025-04,4,2025
INV100313,CUST7932,2025-02-12 15:40:34,QC,Home,Coffee Table,4,475.39,1901.56,2025-02,2,2025
INV100314,CUST2399,2025-02-20 12:17:32,ON,Apparel,T-shirt,1,458.09,458.09,2025-02,2,2025
INV100315,CUST6186,2025-05-07 08:09:23,BC,Electronics,Laptop,1,273.75,273.75,2025-05,5,2025
INV100316,CUST5643,2025-04-01 16:41:22,PE,Electronics,Monitor,3,250.83,752.49,2025-04,4,2025
INV100317,CUST3656,2025-02-08 00:54:36,NB,Electronics,Headphones,1,72.39,72.39,2025-02,2,2025
INV100318,CUST8199,2025-04-12 03:30:23,PE,Home,Coffee Table,1,36.0,36.0,2025-04,4,2025
INV100319,CUST8975,2025-01-23 03:06:43,NB,Home,Sofa,5,216.25,1081.25,2025-01,1,2025
INV100320,CUST2523,2025-05-17 21:33:41,ON,Home,Coffee Table,3,237.02,711.06,2025-05,5,2025
INV100321,CUST4885,2025-06-28 02:18:23,AB,Electronics,Smartphone,4,207.33,829.32,2025-06,6,2025
INV100322,CUST1838,2025-06-17 18:41:50,QC,Apparel,Jacket,2,67.68,135.36,2025-06,6,2025
INV100323,CUST3589,2025-04-18 07:44:52,NL,Electronics,Monitor,3,481.24,1443.72,2025-04,4,2025
INV100324,CUST9281,2025-04-19 07:50:06,MB,Apparel,Jacket,3,491.29,1473.87,2025-04,4,2025
INV100325,CUST9626,2025-03-30 05:18:02,SK,Electronics,Smartphone,4,54.48,217.92,2025-03,3,2025
INV100326,CUST6094,2025-02-13 14:56:36,ON,Apparel,T-shirt,2,287.82,575.64,2025-02,2,2025
INV100327,CUST7706,2025-05-29 19:05:08,SK,Apparel,Sneakers,1,477.39,477.39,2025-05,5,2025
INV100328,CUST5210,2025-03-30 06:42:28,BC,Apparel,Sneakers,4,12.84,51.36,2025-03,3,2025
INV100329,CUST5696,2025-06-03 05:42:10,NB,Home,Sofa,2,148.78,297.56,2025-06,6,2025
INV100330,CUST4749,2025-03-17 11:31:51,NS,Home,Lamp,1,174.4,174.4,2025-03,3,2025
INV100331,CUST6731,2025-02-03 09:52:07,BC,Electronics,Laptop,3,342.49,1027.47,2025-02,2,2025
INV100332,CUST7385,2025-01-15 18:05:03,ON,Home,Bed,5,312.54,1562.7,2025-01,1,2025
INV100333,CUST9206,2025-01-16 06:13:28,NL,Home,Lamp,5,88.16,440.8,2025-01,1,2025
INV100334,CUST2773,2025-05-05 09:34:34,NB,Apparel,Jacket,1,331.55,331.55,2025-05,5,2025
INV100335,CUST4440,2025-03-22 03:20:17,MB,Home,Sofa,5,459.19,2295.95,2025-03,3,2025
INV100336,CUST8141,2025-03-07 05:38:25,SK,Home,Sofa,3,300.73,902.19,2025-03,3,2025
INV100337,CUST6184,2025-03-20 16:30:49,AB,Apparel,T-shirt,2,206.74,413.48,2025-03,3,2025
INV100338,CUST9669,2025-03-18 06:22:10,SK,Apparel,Jacket,1,444.42,444.42,2025-03,3,2025
INV100339,CUST5495,2025-03-29 02:59:12,NL,Home,Coffee Table,3,241.73,725.19,2025-03,3,2025
INV100340,CUST2805,2025-06-14 04:15:54,SK,Apparel,Jeans,5,276.03,1380.15,2025-06,6,2025
INV100341,CUST2703,2025-05-19 00:14:02,ON,Home,Lamp,3,463.49,1390.47,2025-05,5,2025
INV100342,CUST8783,2025-01-07 22:57:00,ON,Home,Lamp,5,239.11,1195.55,2025-01,1,2025
INV100343,CUST8279,2025-05-08 04:36:01,AB,Apparel,Jeans,1,287.83,287.83,2025-05,5,2025
INV100344,CUST4460,2025-05-04 07:49:02,ON,Home,Sofa,4,373.99,1495.96,2025-05,5,2025
INV100345,CUST7647,2025-05-02 21:54:36,NB,Electronics,Laptop,1,485.76,485.76,2025-05,5,2025
INV100346,CUST7536,2025-01-16 13:09:16,NS,Electronics,Laptop,5,44.95,224.75,2025-01,1,2025
INV100347,CUST3482,2025-01-09 04:58:10,NS,Apparel,Jacket,5,320.14,1600.7,2025-01,1,2025
INV100348,CUST8576,2025-03-16 14:50:43,BC,Home,Lamp,1,89.31,89.31,2025-03,3,2025
INV100349,CUST4495,2025-05-18 20:12:55,BC,Home,Sofa,3,377.24,1131.72,2025-05,5,2025
INV100350,CUST1013,2025-03-04 07:45:32,NS,Electronics,Smartphone,3,33.24,99.72,2025-03,3,2025
INV100351,CUST6692,2025-06-01 21:31:32,SK,Electronics,Headphones,4,125.94,503.76,2025-06,6,2025
INV100352,CUST9719,2025-06-13 18:10:45,PE,Apparel,Jeans,4,415.77,1663.08,2025-06,6,2025
INV100353,CUST6200,2025-01-18 15:43:29,AB,Apparel,T-shirt,4,334.69,1338.76,2025-01,1,2025
INV100354,CUST8005,2025-02-14 17:19:00,SK,Home,Sofa,1,441.02,441.02,2025-02,2,2025
INV100355,CUST9489,2025-02-03 15:22:07,PE,Home,Coffee Table,4,380.5,1522.0,2025-02,2,2025
INV100356,CUST7886,2025-02-03 08:55:54,MB,Home,Bed,3,314.39,943.17,2025-02,2,2025
INV100357,CUST2521,2025-04-11 13:46:00,ON,Apparel,Jacket,5,239.91,1199.55,2025-04,4,2025
INV100358,CUST3098,2025-03-25 13:11:05,PE,Apparel,Jacket,4,486.6,1946.4,2025-03,3,2025
INV100359,CUST6916,2025-01-24 15:47:27,PE,Home,Sofa,2,24.2,48.4,2025-01,1,2025
INV100360,CUST2038,2025-03-20 08:36:18,QC,Electronics,Monitor,2,446.38,892.76,2025-03,3,2025
INV100361,CUST4344,2025-02-02 01:36:37,AB,Apparel,Sneakers,1,278.76,278.76,2025-02,2,2025
INV100362,CUST9623,2025-02-20 12:36:31,QC,Apparel,Sneakers,2,408.13,816.26,2025-02,2,2025
INV100363,CUST5757,2025-03-28 06:29:50,SK,Electronics,Headphones,1,315.44,315.44,2025-03,3,2025
INV100364,CUST5175,2025-02-14 22:40:35,NB,Electronics,Monitor,2,102.39,204.78,2025-02,2,2025
INV100365,CUST6657,2025-06-16 05:53:38,NS,Home,Sofa,3,99.8,299.4,2025-06,6,2025
INV100366,CUST1226,2025-06-25 17:13:25,QC,Apparel,Sneakers,3,197.77,593.31,2025-06,6,2025
INV100367,CUST1492,2025-01-12 01:48:47,NB,Electronics,Monitor,5,115.91,579.55,2025-01,1,2025
INV100368,CUST7295,2025-03-24 11:37:59,AB,Home,Bed,5,497.87,2489.35,2025-03,3,2025
INV100369,CUST2213,2025-06-03 08:09:02,ON,Home,Coffee Table,5,26.93,134.65,2025-06,6,2025
INV100370,CUST2168,2025-06-13 16:40:18,ON,Apparel,Jacket,3,308.61,925.83,2025-06,6,2025
INV100371,CUST7795,2025-06-12 15:35:20,NB,Electronics,Smartphone,5,60.22,301.1,2025-06,6,2025
INV100372,CUST1723,2025-04-14 07:11:45,NS,Apparel,T-shirt,5,102.81,514.05,2025-04,4,2025
INV100373,CUST1112,2025-01-16 10:46:54,NS,Electronics,Laptop,4,419.2,1676.8,2025-01,1,2025
INV100374,CUST4038,2025-01-07 06:15:10,NS,Home,Bed,5,89.81,449.05,2025-01,1,2025
INV100375,CUST2336,2025-05-04 01:42:34,SK,Electronics,Headphones,1,450.13,450.13,2025-05,5,2025
INV100376,CUST7219,2025-04-12 09:48:59,AB,Apparel,Jeans,3,128.4,385.2,2025-04,4,2025
INV100377,CUST2973,2025-06-08 18:39:54,AB,Apparel,Jacket,2,201.82,403.64,2025-06,6,2025
INV100378,CUST1892,2024-12-31 07:16:14,QC,Electronics,Monitor,1,49.8,49.8,2024-12,12,2024
INV100379,CUST4454,2025-01-15 13:07:48,BC,Home,Sofa,5,280.2,1401.0,2025-01,1,2025
INV100380,CUST9656,2025-06-26 07:40:37,ON,Electronics,Headphones,2,269.31,538.62,2025-06,6,2025
INV100381,CUST3210,2025-05-23 18:21:50,NS,Home,Bed,3,319.04,957.12,2025-05,5,2025
INV100382,CUST7103,2025-06-11 05:42:10,BC,Electronics,Monitor,3,394.37,1183.11,2025-06,6,2025
INV100383,CUST1981,2025-02-12 08:06:08,PE,Home,Bed,2,57.67,115.34,2025-02,2,2025
INV100384,CUST9240,2025-01-29 17:33:36,NL,Apparel,Jacket,5,265.5,1327.5,2025-01,1,2025
INV100385,CUST9964,2025-03-17 08:31:15,BC,Apparel,Jeans,4,170.54,682.16,2025-03,3,2025
INV100386,CUST4813,2025-04-01 17:44:45,PE,Apparel,Sneakers,4,148.36,593.44,2025-04,4,2025
INV100387,CUST3936,2025-03-31 21:47:13,MB,Apparel,Sneakers,1,45.05,45.05,2025-03,3,2025
INV100388,CUST5374,2025-02-07 22:37:43,SK,Home,Coffee Table,1,57.74,57.74,2025-02,2,2025
INV100389,CUST6737,2025-06-14 08:03:25,NS,Apparel,T-shirt,2,288.54,577.08,2025-06,6,2025
INV100390,CUST3843,2025-03-16 07:28:38,NS,Home,Sofa,4,265.89,1063.56,2025-03,3,2025
INV100391,CUST9176,2025-06-21 16:10:57,PE,Electronics,Smartphone,5,297.66,1488.3,2025-06,6,2025
INV100392,CUST6465,2025-01-08 19:45:17,NL,Home,Coffee Table,3,253.99,761.97,2025-01,1,2025
INV100393,CUST1538,2025-01-29 09:45:31,BC,Electronics,Smartphone,3,301.02,903.06,2025-01,1,2025
INV100394,CUST3866,2025-03-12 00:38:12,ON,Electronics,Monitor,2,152.22,304.44,2025-03,3,2025
INV100395,CUST8567,2024-12-28 20:32:20,QC,Electronics,Monitor,1,427.52,427.52,2024-12,12,2024
INV100396,CUST1071,2025-03-14 05:59:29,QC,Electronics,Headphones,4,142.37,569.48,2025-03,3,2025
INV100397,CUST1756,2025-02-17 22:25:47,NS,Apparel,Jeans,5,489.6,2448.0,2025-02,2,2025
INV100398,CUST4568,2025-06-26 08:22:52,NL,Apparel,Jeans,5,248.7,1243.5,2025-06,6,2025
INV100399,CUST2923,2025-05-29 16:31:40,AB,Apparel,Jacket,2,18.67,37.34,2025-05,5,2025
INV100400,CUST6131,2025-05-29 21:27:43,SK,Electronics,Headphones,5,126.45,632.25,2025-05,5,2025
INV100401,CUST1533,2025-03-26 18:59:12,MB,Apparel,Jacket,5,99.07,495.35,2025-03,3,2025
INV100402,CUST9174,2025-02-21 19:51:06,NB,Home,Bed,5,78.86,394.3,2025-02,2,2025
INV100403,CUST2272,2025-03-20 13:51:06,BC,Apparel,Sneakers,3,492.7,1478.1,2025-03,3,2025
INV100404,CUST4887,2025-05-12 16:50:45,NL,Home,Bed,3,499.39,1498.17,2025-05,5,2025
INV100405,CUST1020,2025-05-19 06:53:44,NL,Electronics,Smartphone,4,76.23,304.92,2025-05,5,2025
INV100406,CUST5690,2025-05-29 13:13:24,BC,Home,Sofa,1,261.18,261.18,2025-05,5,2025
INV100407,CUST6818,2025-04-15 08:33:44,NL,Home,Sofa,1,150.73,150.73,2025-04,4,2025
INV100408,CUST5742,2025-05-05 23:02:16,NS,Apparel,T-shirt,3,475.28,1425.84,2025-05,5,2025
INV100409,CUST7817,2025-05-16 22:31:09,SK,Electronics,Monitor,4,72.45,289.8,2025-05,5,2025
INV100410,CUST9384,2025-04-01 22:32:50,MB,Apparel,T-shirt,3,68.32,204.96,2025-04,4,2025
INV100411,CUST5378,2025-01-27 11:53:58,BC,Electronics,Laptop,5,254.44,1272.2,2025-01,1,2025
INV100412,CUST2475,2025-02-03 07:28:56,NS,Apparel,T-shirt,2,112.03,224.06,2025-02,2,2025
INV100413,CUST8977,2025-02-24 01:15:10,ON,Home,Coffee Table,5,472.38,2361.9,2025-02,2,2025
INV100414,CUST9882,2025-02-08 17:03:13,SK,Electronics,Laptop,5,290.67,1453.35,2025-02,2,2025
INV100415,CUST8499,2025-01-08 19:02:45,NS,Home,Bed,2,464.0,928.0,2025-01,1,2025
INV100416,CUST7970,2025-04-19 21:40:11,ON,Electronics,Headphones,2,175.57,351.14,2025-04,4,2025
INV100417,CUST1167,2025-05-20 07:16:40,MB,Home,Lamp,2,484.02,968.04,2025-05,5,2025
INV100418,CUST5173,2025-04-12 17:18:25,ON,Home,Lamp,2,95.17,190.34,2025-04,4,2025
INV100419,CUST3073,2025-01-09 06:34:37,PE,Home,Lamp,2,260.11,520.22,2025-01,1,2025
INV100420,CUST4294,2025-05-22 16:18:46,BC,Home,Lamp,5,291.58,1457.9,2025-05,5,2025
INV100421,CUST4662,2025-02-27 07:59:54,PE,Apparel,T-shirt,3,77.32,231.96,2025-02,2,2025
INV100422,CUST6294,2025-01-08 12:54:13,BC,Home,Bed,2,183.65,367.3,2025-01,1,2025
INV100423,CUST1402,2025-01-07 04:10:27,MB,Electronics,Smartphone,5,65.95,329.75,2025-01,1,2025
INV100424,CUST7969,2025-04-20 20:57:32,ON,Home,Lamp,5,37.41,187.05,2025-04,4,2025
INV100425,CUST2900,2025-03-31 00:29:22,NB,Apparel,T-shirt,3,181.64,544.92,2025-03,3,2025
INV100426,CUST7461,2025-04-05 01:56:48,NS,Electronics,Headphones,2,322.0,644.0,2025-04,4,2025
INV100427,CUST3380,2025-06-24 23:08:55,NS,Electronics,Monitor,2,78.44,156.88,2025-06,6,2025
INV100428,CUST7731,2025-06-12 00:27:24,SK,Electronics,Headphones,3,191.09,573.27,2025-06,6,2025
INV100429,CUST1625,2025-04-10 13:43:16,PE,Electronics,Headphones,3,378.46,1135.38,2025-04,4,2025
INV100430,CUST9107,2025-01-28 00:11:01,AB,Electronics,Laptop,3,278.52,835.56,2025-01,1,2025
INV100431,CUST8151,2025-01-08 11:34:19,AB,Home,Lamp,2,366.43,732.86,2025-01,1,2025
INV100432,CUST6409,2025-04-06 01:08:47,PE,Home,Bed,4,96.03,384.12,2025-04,4,2025
INV100433,CUST9558,2025-01-12 23:50:26,PE,Apparel,Jacket,5,323.71,1618.55,2025-01,1,2025
INV100434,CUST2251,2025-06-11 18:02:16,PE,Electronics,Monitor,3,386.34,1159.02,2025-06,6,2025
INV100435,CUST5436,2025-02-02 12:30:04,SK,Home,Coffee Table,3,123.55,370.65,2025-02,2,2025
INV100436,CUST6381,2025-01-10 17:49:36,PE,Electronics,Monitor,2,453.77,907.54,2025-01,1,2025
INV100437,CUST9986,2025-04-22 23:33:31,NB,Home,Sofa,2,458.78,917.56,2025-04,4,2025
INV100438,CUST7489,2025-01-10 15:12:53,NL,Home,Bed,5,288.85,1444.25,2025-01,1,2025
INV100439,CUST8618,2025-05-08 13:12:45,NS,Electronics,Laptop,2,281.18,562.36,2025-05,5,2025
INV100440,CUST5714,2025-06-13 18:51:45,MB,Electronics,Headphones,4,112.87,451.48,2025-06,6,2025
INV100441,CUST1382,2025-02-12 02:37:25,AB,Apparel,Sneakers,2,333.65,667.3,2025-02,2,2025
INV100442,CUST5245,2025-03-16 20:13:28,NB,Apparel,Jeans,5,462.48,2312.4,2025-03,3,2025
INV100443,CUST3794,2025-01-20 17:12:22,NL,Home,Bed,2,455.83,911.66,2025-01,1,2025
INV100444,CUST1403,2025-06-19 07:32:01,ON,Home,Coffee Table,3,95.59,286.77,2025-06,6,2025
INV100445,CUST5471,2025-04-18 01:22:26,PE,Home,Coffee Table,1,324.04,324.04,2025-04,4,2025
INV100446,CUST6743,2025-02-14 05:56:27,MB,Home,Coffee Table,5,156.39,781.95,2025-02,2,2025
INV100447,CUST7120,2025-04-19 20:27:09,AB,Apparel,T-shirt,2,250.38,500.76,2025-04,4,2025
INV100448,CUST1158,2025-04-22 21:09:15,MB,Home,Bed,3,29.04,87.12,2025-04,4,2025
INV100449,CUST6552,2025-01-05 03:42:13,BC,Home,Lamp,3,174.17,522.51,2025-01,1,2025
INV100450,CUST3518,2025-04-27 17:01:16,BC,Apparel,Sneakers,4,17.54,70.16,2025-04,4,2025
INV100451,CUST6748,2025-01-13 08:33:52,AB,Home,Lamp,5,493.62,2468.1,2025-01,1,2025
INV100452,CUST6575,2025-03-19 20:13:25,QC,Home,Coffee Table,5,344.92,1724.6,2025-03,3,2025
INV100453,CUST2701,2025-05-05 02:04:30,NS,Apparel,Jeans,5,307.69,1538.45,2025-05,5,2025
INV100454,CUST3303,2025-04-20 18:36:15,NB,Electronics,Smartphone,2,111.27,222.54,2025-04,4,2025
INV100455,CUST1569,2025-04-17 04:38:33,AB,Home,Bed,4,378.89,1515.56,2025-04,4,2025
INV100456,CUST7392,2025-04-08 22:50:17,PE,Apparel,Jacket,3,379.37,1138.11,2025-04,4,2025
INV100457,CUST1792,2025-02-27 20:53:04,SK,Apparel,Sneakers,4,473.85,1895.4,2025-02,2,2025
INV100458,CUST9127,2025-06-27 22:32:27,BC,Electronics,Smartphone,2,44.2,88.4,2025-06,6,2025
INV100459,CUST1962,2025-02-17 01:45:01,NB,Home,Coffee Table,2,396.02,792.04,2025-02,2,2025
INV100460,CUST1863,2025-02-06 02:24:39,AB,Home,Lamp,3,340.71,1022.13,2025-02,2,2025
INV100461,CUST6668,2025-05-07 11:38:36,QC,Home,Sofa,3,55.07,165.21,2025-05,5,2025
INV100462,CUST1768,2025-05-16 12:11:23,ON,Home,Lamp,5,298.19,1490.95,2025-05,5,2025
INV100463,CUST6868,2025-02-27 10:41:49,NL,Apparel,Jeans,1,124.67,124.67,2025-02,2,2025
INV100464,CUST2161,2025-02-12 18:51:04,BC,Home,Sofa,2,310.14,620.28,2025-02,2,2025
INV100465,CUST4822,2025-02-18 00:20:51,AB,Apparel,Jacket,4,352.59,1410.36,2025-02,2,2025
INV100466,CUST2522,2025-03-15 06:59:23,BC,Home,Sofa,5,175.53,877.65,2025-03,3,2025
INV100467,CUST4783,2025-01-22 20:25:52,SK,Apparel,T-shirt,4,248.03,992.12,2025-01,1,2025
INV100468,CUST6345,2025-05-07 20:47:50,MB,Home,Bed,3,260.36,781.08,2025-05,5,2025
INV100469,CUST8848,2025-05-02 18:44:45,PE,Apparel,Jacket,1,347.67,347.67,2025-05,5,2025
INV100470,CUST1980,2025-02-24 16:34:54,BC,Home,Lamp,2,209.37,418.74,2025-02,2,2025
INV100471,CUST7578,2025-03-27 05:18:54,QC,Home,Lamp,5,132.3,661.5,2025-03,3,2025
INV100472,CUST6152,2025-02-27 19:59:12,ON,Home,Coffee Table,3,419.97,1259.91,2025-02,2,2025
INV100473,CUST5388,2025-06-26 20:02:00,AB,Home,Sofa,4,393.63,1574.52,2025-06,6,2025
INV100474,CUST9979,2025-05-23 10:26:11,QC,Home,Sofa,4,451.76,1807.04,2025-05,5,2025
INV100475,CUST2354,2025-06-28 03:19:55,BC,Home,Coffee Table,4,465.51,1862.04,2025-06,6,2025
INV100476,CUST9636,2025-01-11 12:34:10,NB,Electronics,Monitor,5,471.2,2356.0,2025-01,1,2025
INV100477,CUST4922,2024-12-30 05:54:26,AB,Home,Sofa,1,220.79,220.79,2024-12,12,2024
INV100478,CUST8334,2025-03-27 10:15:34,SK,Home,Bed,3,405.31,1215.93,2025-03,3,2025
INV100479,CUST7241,2025-04-28 01:18:21,QC,Home,Bed,3,328.51,985.53,2025-04,4,2025
INV100480,CUST8143,2025-04-16 18:14:04,ON,Electronics,Smartphone,2,250.39,500.78,2025-04,4,2025
INV100481,CUST6446,2025-01-16 20:26:26,NS,Electronics,Headphones,1,325.99,325.99,2025-01,1,2025
INV100482,CUST9705,2025-01-11 15:54:49,NS,Home,Sofa,3,86.1,258.3,2025-01,1,2025
INV100483,CUST6743,2025-04-11 20:03:07,ON,Apparel,Jacket,1,124.53,124.53,2025-04,4,2025
INV100484,CUST3148,2025-02-07 19:51:54,NS,Home,Coffee Table,1,186.12,186.12,2025-02,2,2025
INV100485,CUST9143,2025-04-05 16:05:15,ON,Electronics,Monitor,4,212.44,849.76,2025-04,4,2025
INV100486,CUST5445,2025-02-17 22:25:03,ON,Apparel,Jacket,4,303.06,1212.24,2025-02,2,2025
INV100487,CUST8933,2025-01-23 03:47:11,NS,Apparel,T-shirt,4,159.44,637.76,2025-01,1,2025
INV100488,CUST8829,2025-06-27 15:47:53,NS,Home,Lamp,1,242.24,242.24,2025-06,6,2025
INV100489,CUST3813,2025-03-06 04:59:35,QC,Electronics,Headphones,5,366.02,1830.1,2025-03,3,2025
INV100490,CUST2962,2025-06-17 11:37:07,SK,Home,Sofa,2,256.94,513.88,2025-06,6,2025
INV100491,CUST6879,2025-01-10 19:05:05,SK,Apparel,Jeans,1,260.57,260.57,2025-01,1,2025
INV100492,CUST5986,2025-06-17 04:11:25,NS,Electronics,Smartphone,5,382.1,1910.5,2025-06,6,2025
INV100493,CUST4706,2025-02-13 20:56:31,ON,Apparel,Jeans,3,178.9,536.7,2025-02,2,2025
INV100494,CUST6782,2025-03-10 04:36:54,PE,Apparel,T-shirt,3,130.6,391.8,2025-03,3,2025
INV100495,CUST9655,2025-02-21 18:37:54,NB,Electronics,Smartphone,5,86.23,431.15,2025-02,2,2025
INV100496,CUST8946,2025-01-28 01:38:51,NL,Apparel,Sneakers,2,473.41,946.82,2025-01,1,2025
INV100497,CUST8070,2025-03-23 12:34:56,NB,Home,Coffee Table,1,216.51,216.51,2025-03,3,2025
INV100498,CUST9480,2025-06-08 08:01:38,AB,Home,Sofa,1,356.71,356.71,2025-06,6,2025
INV100499,CUST3840,2025-04-12 22:04:24,BC,Home,Sofa,2,237.78,475.56,2025-04,4,2025
INV100500,CUST4735,2025-05-14 01:13:40,SK,Electronics,Smartphone,1,118.73,118.73,2025-05,5,2025
INV100501,CUST9719,2025-02-25 04:19:34,NS,Home,Coffee Table,1,109.81,109.81,2025-02,2,2025
INV100502,CUST7797,2025-04-26 05:07:08,AB,Apparel,T-shirt,2,86.35,172.7,2025-04,4,2025
INV100503,CUST8580,2025-06-03 03:51:09,SK,Home,Lamp,1,493.25,493.25,2025-06,6,2025
INV100504,CUST6900,2025-05-04 10:14:40,BC,Apparel,Sneakers,5,25.18,125.9,2025-05,5,2025
INV100505,CUST1276,2025-04-10 03:32:11,SK,Apparel,Sneakers,3,208.63,625.89,2025-04,4,2025
INV100506,CUST8578,2024-12-29 22:57:08,SK,Home,Sofa,2,302.19,604.38,2024-12,12,2024
INV100507,CUST9774,2025-05-07 02:57:44,MB,Home,Coffee Table,3,168.77,506.31,2025-05,5,2025
INV100508,CUST5770,2025-06-05 02:28:31,AB,Apparel,Jacket,2,239.41,478.82,2025-06,6,2025
INV100509,CUST6279,2025-04-15 03:07:41,NL,Apparel,Jacket,5,86.32,431.6,2025-04,4,2025
INV100510,CUST8544,2025-02-24 13:42:00,SK,Home,Sofa,3,196.19,588.57,2025-02,2,2025
INV100511,CUST5814,2025-06-27 08:47:31,BC,Apparel,Jeans,1,488.5,488.5,2025-06,6,2025
INV100512,CUST1168,2025-05-06 06:06:34,ON,Home,Sofa,4,406.13,1624.52,2025-05,5,2025
INV100513,CUST3269,2025-01-17 13:14:32,NB,Home,Bed,5,42.13,210.65,2025-01,1,2025
INV100514,CUST9862,2025-06-28 18:13:30,QC,Apparel,Jacket,5,363.3,1816.5,2025-06,6,2025
INV100515,CUST4230,2025-06-16 22:51:44,SK,Home,Lamp,5,70.77,353.85,2025-06,6,2025
INV100516,CUST4932,2025-01-23 12:20:10,SK,Home,Bed,3,111.62,334.86,2025-01,1,2025
INV100517,CUST5635,2025-02-17 18:59:40,AB,Apparel,Jacket,5,469.7,2348.5,2025-02,2,2025
INV100518,CUST9002,2025-01-19 20:25:50,NB,Apparel,Sneakers,5,123.29,616.45,2025-01,1,2025
INV100519,CUST9244,2025-06-19 04:51:21,NB,Apparel,Sneakers,5,244.55,1222.75,2025-06,6,2025
INV100520,CUST6172,2025-01-18 05:19:04,PE,Electronics,Monitor,4,178.26,713.04,2025-01,1,2025
INV100521,CUST8690,2025-05-21 14:24:24,NB,Apparel,T-shirt,2,25.81,51.62,2025-05,5,2025
INV100522,CUST3680,2025-04-14 20:42:11,NB,Electronics,Monitor,5,120.61,603.05,2025-04,4,2025
INV100523,CUST9672,2025-01-27 14:56:02,MB,Apparel,T-shirt,1,312.03,312.03,2025-01,1,2025
INV100524,CUST6500,2025-02-19 07:43:43,PE,Apparel,Sneakers,2,462.46,924.92,2025-02,2,2025
INV100525,CUST7044,2025-02-21 03:34:24,NS,Home,Lamp,3,100.91,302.73,2025-02,2,2025
INV100526,CUST7610,2025-04-24 21:12:19,PE,Apparel,Sneakers,1,422.09,422.09,2025-04,4,2025
INV100527,CUST2192,2025-02-07 08:05:58,AB,Home,Lamp,1,381.32,381.32,2025-02,2,2025
INV100528,CUST5819,2025-05-16 18:48:33,NL,Apparel,Jacket,5,71.52,357.6,2025-05,5,2025
INV100529,CUST3398,2025-03-05 00:25:55,BC,Home,Bed,5,139.53,697.65,2025-03,3,2025
INV100530,CUST2378,2025-02-05 23:19:35,QC,Apparel,Jeans,4,341.05,1364.2,2025-02,2,2025
INV100531,CUST6653,2025-05-10 22:27:46,PE,Apparel,Jacket,3,170.85,512.55,2025-05,5,2025
INV100532,CUST4856,2025-04-30 14:15:26,BC,Home,Lamp,2,108.38,216.76,2025-04,4,2025
INV100533,CUST8546,2025-06-12 01:21:21,NS,Electronics,Monitor,2,43.2,86.4,2025-06,6,2025
INV100534,CUST8316,2025-02-17 16:44:53,NS,Home,Lamp,1,362.37,362.37,2025-02,2,2025
INV100535,CUST6997,2025-04-05 13:52:15,AB,Apparel,Jacket,3,34.71,104.13,2025-04,4,2025
INV100536,CUST4130,2025-04-02 07:13:03,MB,Home,Lamp,5,210.6,1053.0,2025-04,4,2025
INV100537,CUST5592,2025-02-15 04:48:14,NL,Electronics,Headphones,2,65.19,130.38,2025-02,2,2025
INV100538,CUST2449,2025-06-22 05:40:04,QC,Electronics,Smartphone,3,144.98,434.94,2025-06,6,2025
INV100539,CUST7338,2025-06-22 18:49:19,NL,Electronics,Headphones,4,441.74,1766.96,2025-06,6,2025
INV100540,CUST4101,2025-06-10 17:37:23,BC,Apparel,Sneakers,1,216.37,216.37,2025-06,6,2025
INV100541,CUST5293,2025-01-07 07:14:03,NB,Electronics,Laptop,2,369.97,739.94,2025-01,1,2025
INV100542,CUST2362,2025-01-15 08:38:10,AB,Home,Bed,1,193.6,193.6,2025-01,1,2025
INV100543,CUST8856,2025-04-30 14:28:26,NL,Apparel,T-shirt,2,137.76,275.52,2025-04,4,2025
INV100544,CUST2725,2025-03-20 16:30:01,PE,Home,Coffee Table,2,311.03,622.06,2025-03,3,2025
INV100545,CUST8552,2025-06-07 11:32:11,NB,Home,Bed,2,254.8,509.6,2025-06,6,2025
INV100546,CUST5038,2025-02-20 03:55:02,AB,Apparel,Jeans,4,282.02,1128.08,2025-02,2,2025
INV100547,CUST5652,2025-01-05 23:57:12,NB,Apparel,T-shirt,3,421.35,1264.05,2025-01,1,2025
INV100548,CUST4592,2024-12-29 03:01:05,PE,Apparel,Jacket,3,400.63,1201.89,2024-12,12,2024
INV100549,CUST2494,2025-03-03 04:58:49,AB,Apparel,Jacket,3,105.28,315.84,2025-03,3,2025
INV100550,CUST4374,2025-05-27 04:10:12,BC,Apparel,T-shirt,4,221.5,886.0,2025-05,5,2025
INV100551,CUST1514,2025-01-22 20:09:28,ON,Home,Lamp,3,459.93,1379.79,2025-01,1,2025
INV100552,CUST7281,2025-05-01 03:39:27,BC,Electronics,Laptop,3,190.16,570.48,2025-05,5,2025
INV100553,CUST3511,2025-02-17 07:17:39,QC,Home,Sofa,3,147.27,441.81,2025-02,2,2025
INV100554,CUST9781,2025-01-28 19:31:14,AB,Home,Lamp,5,196.92,984.6,2025-01,1,2025
INV100555,CUST9593,2025-05-21 08:52:50,NB,Home,Bed,1,340.07,340.07,2025-05,5,2025
INV100556,CUST2997,2025-03-24 05:35:48,QC,Apparel,Jeans,4,287.4,1149.6,2025-03,3,2025
INV100557,CUST1696,2025-04-14 13:30:40,NS,Electronics,Monitor,4,70.35,281.4,2025-04,4,2025
INV100558,CUST2878,2025-05-14 11:08:34,QC,Apparel,T-shirt,2,263.29,526.58,2025-05,5,2025
INV100559,CUST5338,2025-03-21 11:39:34,MB,Apparel,Sneakers,3,27.36,82.08,2025-03,3,2025
INV100560,CUST8641,2025-04-16 08:30:34,PE,Electronics,Laptop,5,160.89,804.45,2025-04,4,2025
INV100561,CUST9887,2024-12-30 07:33:29,MB,Electronics,Laptop,3,374.18,1122.54,2024-12,12,2024
INV100562,CUST5078,2025-01-19 03:51:51,NS,Apparel,Jacket,1,52.82,52.82,2025-01,1,2025
INV100563,CUST7403,2025-01-12 01:09:21,QC,Apparel,Sneakers,1,346.28,346.28,2025-01,1,2025
INV100564,CUST3077,2025-06-17 22:04:05,PE,Home,Sofa,5,120.95,604.75,2025-06,6,2025
INV100565,CUST3243,2025-05-11 14:52:44,NB,Electronics,Headphones,1,326.5,326.5,2025-05,5,2025
INV100566,CUST9472,2025-06-21 23:06:23,QC,Apparel,T-shirt,1,293.3,293.3,2025-06,6,2025
INV100567,CUST3721,2025-01-26 09:08:14,QC,Apparel,Sneakers,4,255.57,1022.28,2025-01,1,2025
INV100568,CUST5515,2025-04-13 09:07:45,SK,Home,Lamp,5,441.25,2206.25,2025-04,4,2025
INV100569,CUST6257,2025-01-04 10:23:50,SK,Electronics,Headphones,3,311.22,933.66,2025-01,1,2025
INV100570,CUST3346,2025-06-08 11:59:19,MB,Home,Sofa,3,336.77,1010.31,2025-06,6,2025
INV100571,CUST1397,2025-03-10 03:09:55,PE,Electronics,Headphones,2,108.28,216.56,2025-03,3,2025
INV100572,CUST4842,2025-04-20 13:11:07,PE,Apparel,T-shirt,1,366.02,366.02,2025-04,4,2025
INV100573,CUST6922,2025-04-14 17:26:51,BC,Apparel,Jacket,2,437.93,875.86,2025-04,4,2025
INV100574,CUST7113,2025-01-26 04:39:40,SK,Electronics,Smartphone,5,195.65,978.25,2025-01,1,2025
INV100575,CUST3720,2025-03-21 21:26:43,NL,Home,Bed,2,54.26,108.52,2025-03,3,2025
INV100576,CUST8028,2025-01-22 04:26:00,AB,Electronics,Smartphone,1,74.55,74.55,2025-01,1,2025
INV100577,CUST1501,2025-01-05 13:25:50,NS,Home,Lamp,5,263.21,1316.05,2025-01,1,2025
INV100578,CUST9418,2025-02-26 07:04:55,PE,Apparel,Sneakers,2,143.78,287.56,2025-02,2,2025
INV100579,CUST1592,2025-03-09 05:53:36,AB,Apparel,Jeans,4,223.16,892.64,2025-03,3,2025
INV100580,CUST3320,2025-06-21 00:03:05,NL,Home,Coffee Table,2,234.96,469.92,2025-06,6,2025
INV100581,CUST9768,2025-06-27 14:59:58,NB,Apparel,T-shirt,1,443.35,443.35,2025-06,6,2025
INV100582,CUST3687,2025-06-01 00:41:34,QC,Home,Lamp,1,248.07,248.07,2025-06,6,2025
INV100583,CUST5772,2025-06-13 13:39:32,ON,Apparel,Jacket,3,139.99,419.97,2025-06,6,2025
INV100584,CUST4472,2025-01-05 04:25:03,BC,Apparel,T-shirt,3,37.53,112.59,2025-01,1,2025
INV100585,CUST3721,2025-06-20 23:47:11,SK,Home,Lamp,2,266.8,533.6,2025-06,6,2025
INV100586,CUST7210,2025-03-07 22:00:21,SK,Apparel,Jacket,1,381.95,381.95,2025-03,3,2025
INV100587,CUST5988,2025-02-07 05:31:18,BC,Home,Coffee Table,4,420.37,1681.48,2025-02,2,2025
INV100588,CUST4540,2025-05-09 21:09:19,QC,Apparel,Sneakers,1,279.19,279.19,2025-05,5,2025
INV100589,CUST4294,2025-02-14 21:23:13,ON,Electronics,Monitor,2,314.65,629.3,2025-02,2,2025
INV100590,CUST5190,2025-05-06 22:37:44,MB,Apparel,T-shirt,4,361.76,1447.04,2025-05,5,2025
INV100591,CUST3146,2025-01-17 09:32:49,ON,Apparel,T-shirt,5,62.55,312.75,2025-01,1,2025
INV100592,CUST5113,2025-03-07 02:45:21,NL,Apparel,Sneakers,5,199.98,999.9,2025-03,3,2025
INV100593,CUST6425,2025-05-28 22:05:57,PE,Electronics,Headphones,2,246.27,492.54,2025-05,5,2025
INV100594,CUST9510,2025-04-16 03:44:25,QC,Home,Coffee Table,2,238.85,477.7,2025-04,4,2025
INV100595,CUST8688,2025-06-18 02:51:37,NL,Home,Sofa,3,471.72,1415.16,2025-06,6,2025
INV100596,CUST9358,2025-06-16 06:57:03,QC,Apparel,Jeans,4,349.04,1396.16,2025-06,6,2025
INV100597,CUST6620,2025-03-17 08:21:00,NL,Electronics,Monitor,3,244.29,732.87,2025-03,3,2025
INV100598,CUST5053,2025-04-27 22:59:11,NB,Electronics,Monitor,2,297.7,595.4,2025-04,4,2025
INV100599,CUST3961,2025-05-22 23:18:46,MB,Home,Coffee Table,5,30.72,153.6,2025-05,5,2025
INV100600,CUST5148,2025-01-27 10:45:53,QC,Home,Sofa,2,109.99,219.98,2025-01,1,2025
INV100601,CUST2143,2025-06-26 04:51:58,AB,Apparel,Jeans,2,476.04,952.08,2025-06,6,2025
INV100602,CUST9128,2025-06-27 00:03:13,PE,Apparel,Sneakers,2,467.56,935.12,2025-06,6,2025
INV100603,CUST7542,2025-02-12 09:46:12,NL,Apparel,Sneakers,3,401.91,1205.73,2025-02,2,2025
INV100604,CUST8596,2025-06-14 07:50:55,QC,Electronics,Headphones,1,406.78,406.78,2025-06,6,2025
INV100605,CUST5508,2025-01-28 23:48:26,NL,Apparel,Sneakers,1,393.45,393.45,2025-01,1,2025
INV100606,CUST8640,2025-06-01 18:14:16,BC,Home,Coffee Table,3,276.14,828.42,2025-06,6,2025
INV100607,CUST1661,2025-06-03 20:57:51,NS,Home,Sofa,1,310.04,310.04,2025-06,6,2025
INV100608,CUST2673,2025-01-31 19:37:04,MB,Home,Sofa,3,149.2,447.6,2025-01,1,2025
INV100609,CUST8755,2025-06-17 14:11:29,ON,Electronics,Monitor,2,449.77,899.54,2025-06,6,2025
INV100610,CUST7510,2025-03-18 11:55:31,NB,Home,Lamp,1,403.88,403.88,2025-03,3,2025
INV100611,CUST6854,2025-01-02 06:00:25,PE,Apparel,Jeans,1,247.89,247.89,2025-01,1,2025
INV100612,CUST2087,2025-02-01 06:22:31,SK,Electronics,Monitor,1,264.29,264.29,2025-02,2,2025
INV100613,CUST9403,2025-05-20 11:08:00,NS,Apparel,Jeans,4,199.13,796.52,2025-05,5,2025
INV100614,CUST6168,2025-06-25 22:55:02,NB,Electronics,Monitor,4,35.22,140.88,2025-06,6,2025
INV100615,CUST5664,2025-03-02 22:35:26,NB,Apparel,T-shirt,5,232.23,1161.15,2025-03,3,2025
INV100616,CUST4834,2025-05-29 08:40:46,SK,Apparel,Jeans,2,385.09,770.18,2025-05,5,2025
INV100617,CUST3423,2025-06-27 04:24:38,PE,Apparel,Jacket,5,135.62,678.1,2025-06,6,2025
INV100618,CUST7890,2025-03-18 09:12:59,QC,Home,Bed,3,208.95,626.85,2025-03,3,2025
INV100619,CUST3368,2025-06-02 05:10:51,NL,Electronics,Smartphone,5,186.76,933.8,2025-06,6,2025
INV100620,CUST4550,2025-05-07 12:29:15,ON,Apparel,T-shirt,4,322.23,1288.92,2025-05,5,2025
INV100621,CUST4212,2025-06-14 05:19:27,NS,Electronics,Monitor,2,442.5,885.0,2025-06,6,2025
INV100622,CUST7181,2025-05-20 04:06:38,NB,Apparel,Jacket,5,416.68,2083.4,2025-05,5,2025
INV100623,CUST2831,2025-06-03 20:51:35,NL,Home,Lamp,5,288.4,1442.0,2025-06,6,2025
INV100624,CUST1866,2025-02-14 15:02:14,QC,Electronics,Smartphone,2,165.85,331.7,2025-02,2,2025
INV100625,CUST9008,2025-02-18 05:53:56,PE,Electronics,Headphones,1,323.79,323.79,2025-02,2,2025
INV100626,CUST7974,2025-01-28 08:24:35,NL,Apparel,T-shirt,2,196.55,393.1,2025-01,1,2025
INV100627,CUST3753,2025-05-30 07:55:31,SK,Home,Sofa,2,378.44,756.88,2025-05,5,2025
INV100628,CUST4928,2025-05-13 14:41:14,NL,Electronics,Smartphone,5,334.47,1672.35,2025-05,5,2025
INV100629,CUST5108,2025-01-18 10:15:22,PE,Apparel,Jacket,2,56.55,113.1,2025-01,1,2025
INV100630,CUST7475,2025-03-12 17:16:04,PE,Home,Sofa,3,82.51,247.53,2025-03,3,2025
INV100631,CUST3770,2025-06-15 19:05:09,NS,Home,Coffee Table,1,149.08,149.08,2025-06,6,2025
INV100632,CUST4507,2025-01-04 22:57:50,NB,Electronics,Smartphone,4,373.54,1494.16,2025-01,1,2025
INV100633,CUST1061,2025-06-13 03:49:43,AB,Electronics,Monitor,3,229.94,689.82,2025-06,6,2025
INV100634,CUST8876,2025-03-29 20:04:07,MB,Home,Lamp,3,367.13,1101.39,2025-03,3,2025
INV100635,CUST4172,2025-02-09 15:06:37,SK,Apparel,T-shirt,4,281.68,1126.72,2025-02,2,2025
INV100636,CUST5344,2025-02-05 04:34:15,AB,Home,Lamp,1,249.69,249.69,2025-02,2,2025
INV100637,CUST1748,2025-06-05 00:03:48,MB,Apparel,Sneakers,3,14.52,43.56,2025-06,6,2025
INV100638,CUST5038,2025-06-24 18:47:24,AB,Apparel,Jeans,3,21.6,64.8,2025-06,6,2025
INV100639,CUST4086,2025-03-27 19:39:45,NL,Home,Coffee Table,4,132.34,529.36,2025-03,3,2025
INV100640,CUST1238,2025-03-06 08:01:13,BC,Electronics,Headphones,3,309.11,927.33,2025-03,3,2025
INV100641,CUST7686,2025-02-25 16:47:12,NB,Apparel,Jacket,1,408.5,408.5,2025-02,2,2025
INV100642,CUST1737,2025-06-05 18:28:15,NL,Home,Sofa,2,309.74,619.48,2025-06,6,2025
INV100643,CUST9405,2025-05-31 21:04:22,ON,Home,Coffee Table,1,63.03,63.03,2025-05,5,2025
INV100644,CUST4436,2025-06-15 15:09:13,PE,Electronics,Monitor,3,265.63,796.89,2025-06,6,2025
INV100645,CUST2446,2025-02-10 15:09:57,ON,Electronics,Smartphone,2,194.69,389.38,2025-02,2,2025
INV100646,CUST1132,2025-02-09 17:23:35,ON,Apparel,Jeans,4,347.25,1389.0,2025-02,2,2025
INV100647,CUST9352,2025-01-02 00:46:42,MB,Apparel,Jeans,5,139.32,696.6,2025-01,1,2025
INV100648,CUST8164,2025-05-05 14:28:18,NS,Electronics,Laptop,4,125.23,500.92,2025-05,5,2025
INV100649,CUST2652,2025-02-03 22:32:39,PE,Electronics,Monitor,2,466.97,933.94,2025-02,2,2025
INV100650,CUST7921,2025-03-15 19:28:48,NB,Apparel,Jacket,1,258.88,258.88,2025-03,3,2025
INV100651,CUST1036,2025-03-02 04:18:20,QC,Electronics,Smartphone,1,428.79,428.79,2025-03,3,2025
INV100652,CUST5500,2025-02-20 12:52:42,ON,Electronics,Smartphone,2,338.07,676.14,2025-02,2,2025
INV100653,CUST3225,2025-06-14 06:40:15,PE,Home,Sofa,4,50.48,201.92,2025-06,6,2025
INV100654,CUST9694,2025-01-10 22:01:05,NB,Electronics,Laptop,3,69.91,209.73,2025-01,1,2025
INV100655,CUST4550,2025-05-27 14:27:27,NL,Electronics,Laptop,2,36.52,73.04,2025-05,5,2025
INV100656,CUST4973,2025-02-20 15:18:39,NL,Home,Coffee Table,3,269.84,809.52,2025-02,2,2025
INV100657,CUST1834,2025-03-06 14:57:13,SK,Apparel,T-shirt,1,390.29,390.29,2025-03,3,2025
INV100658,CUST3383,2025-05-02 00:00:56,AB,Home,Sofa,4,316.8,1267.2,2025-05,5,2025
INV100659,CUST1357,2025-04-06 08:29:48,QC,Electronics,Monitor,5,460.41,2302.05,2025-04,4,2025
INV100660,CUST8211,2025-03-16 01:07:49,NS,Electronics,Headphones,2,347.84,695.68,2025-03,3,2025
INV100661,CUST3286,2025-05-09 09:16:41,NS,Home,Sofa,2,65.28,130.56,2025-05,5,2025
INV100662,CUST3981,2025-06-10 06:14:24,MB,Home,Coffee Table,4,469.69,1878.76,2025-06,6,2025
INV100663,CUST6963,2025-04-11 13:26:26,SK,Apparel,Sneakers,3,102.25,306.75,2025-04,4,2025
INV100664,CUST9645,2025-03-02 17:45:51,NS,Electronics,Monitor,1,216.93,216.93,2025-03,3,2025
INV100665,CUST9274,2025-06-28 19:39:23,MB,Electronics,Monitor,4,185.05,740.2,2025-06,6,2025
INV100666,CUST1664,2025-01-02 19:07:19,SK,Electronics,Headphones,1,165.64,165.64,2025-01,1,2025
INV100667,CUST5039,2025-01-19 20:01:32,NB,Apparel,Jacket,1,151.95,151.95,2025-01,1,2025
INV100668,CUST2031,2025-06-16 17:47:21,QC,Home,Sofa,3,388.64,1165.92,2025-06,6,2025
INV100669,CUST2881,2025-02-17 03:50:42,ON,Home,Lamp,3,47.49,142.47,2025-02,2,2025
INV100670,CUST7299,2025-02-01 02:40:49,NB,Home,Lamp,4,347.1,1388.4,2025-02,2,2025
INV100671,CUST4238,2025-04-20 04:14:18,NB,Electronics,Smartphone,5,18.23,91.15,2025-04,4,2025
INV100672,CUST4305,2025-02-17 23:39:25,NL,Home,Bed,5,376.55,1882.75,2025-02,2,2025
INV100673,CUST5391,2025-01-04 20:47:08,AB,Apparel,Jeans,3,217.28,651.84,2025-01,1,2025
INV100674,CUST1861,2025-01-18 11:41:11,AB,Electronics,Smartphone,2,80.04,160.08,2025-01,1,2025
INV100675,CUST1812,2025-04-23 06:43:03,AB,Electronics,Smartphone,5,32.58,162.9,2025-04,4,2025
INV100676,CUST9565,2025-03-22 19:42:29,SK,Apparel,Jeans,3,364.94,1094.82,2025-03,3,2025
INV100677,CUST9717,2025-03-05 13:30:46,NB,Home,Lamp,2,300.59,601.18,2025-03,3,2025
INV100678,CUST7029,2025-05-18 21:45:36,NS,Home,Sofa,5,33.34,166.7,2025-05,5,2025
INV100679,CUST1606,2025-05-30 03:30:54,NS,Apparel,Jacket,5,320.67,1603.35,2025-05,5,2025
INV100680,CUST9453,2025-02-27 08:20:11,AB,Apparel,Sneakers,5,287.0,1435.0,2025-02,2,2025
INV100681,CUST3102,2025-03-23 04:14:13,NS,Home,Bed,1,386.47,386.47,2025-03,3,2025
INV100682,CUST8241,2025-04-25 03:37:55,NB,Electronics,Monitor,2,57.76,115.52,2025-04,4,2025
INV100683,CUST4904,2025-04-06 17:53:54,QC,Electronics,Headphones,5,29.92,149.6,2025-04,4,2025
INV100684,CUST8627,2025-01-19 21:26:33,PE,Home,Sofa,1,173.75,173.75,2025-01,1,2025
INV100685,CUST3145,2025-03-13 05:38:05,PE,Electronics,Monitor,5,136.27,681.35,2025-03,3,2025
INV100686,CUST2134,2025-06-21 02:29:24,BC,Home,Sofa,1,314.33,314.33,2025-06,6,2025
INV100687,CUST9726,2025-04-19 09:35:21,NB,Apparel,Jeans,5,189.41,947.05,2025-04,4,2025
INV100688,CUST9461,2025-02-03 08:19:31,PE,Home,Lamp,5,368.68,1843.4,2025-02,2,2025
INV100689,CUST2657,2025-02-15 21:35:13,NS,Home,Sofa,5,25.42,127.1,2025-02,2,2025
INV100690,CUST1361,2025-01-06 01:21:01,PE,Apparel,T-shirt,2,165.82,331.64,2025-01,1,2025
INV100691,CUST4676,2025-05-15 01:40:22,AB,Electronics,Headphones,1,377.54,377.54,2025-05,5,2025
INV100692,CUST4918,2025-03-23 02:40:10,BC,Electronics,Smartphone,4,421.59,1686.36,2025-03,3,2025
INV100693,CUST7643,2024-12-28 18:22:33,AB,Electronics,Headphones,3,397.33,1191.99,2024-12,12,2024
INV100694,CUST9392,2025-04-08 09:29:54,SK,Electronics,Monitor,3,238.88,716.64,2025-04,4,2025
INV100695,CUST9029,2025-06-26 03:59:13,ON,Apparel,Sneakers,4,384.81,1539.24,2025-06,6,2025
INV100696,CUST2762,2025-06-03 01:06:26,ON,Electronics,Headphones,2,212.09,424.18,2025-06,6,2025
INV100697,CUST2261,2025-04-11 23:51:44,BC,Home,Bed,2,425.42,850.84,2025-04,4,2025
INV100698,CUST6120,2025-05-10 19:28:49,NB,Electronics,Headphones,5,372.65,1863.25,2025-05,5,2025
INV100699,CUST7076,2025-05-17 03:16:51,MB,Electronics,Laptop,1,47.7,47.7,2025-05,5,2025
INV100700,CUST5769,2025-05-21 12:13:55,ON,Home,Lamp,5,306.23,1531.15,2025-05,5,2025
INV100701,CUST6850,2025-05-20 13:20:19,QC,Home,Sofa,2,191.77,383.54,2025-05,5,2025
INV100702,CUST9942,2025-05-07 15:50:58,SK,Apparel,Sneakers,1,496.26,496.26,2025-05,5,2025
INV100703,CUST8352,2025-02-04 16:44:39,NL,Apparel,Jacket,5,134.34,671.7,2025-02,2,2025
INV100704,CUST9385,2025-03-09 03:53:21,NB,Electronics,Monitor,1,153.76,153.76,2025-03,3,2025
INV100705,CUST9182,2025-03-22 04:29:08,PE,Electronics,Monitor,5,381.21,1906.05,2025-03,3,2025
INV100706,CUST5948,2025-01-11 00:35:44,MB,Home,Lamp,5,338.7,1693.5,2025-01,1,2025
INV100707,CUST5445,2025-05-06 10:03:58,MB,Electronics,Laptop,2,343.98,687.96,2025-05,5,2025
INV100708,CUST1355,2025-06-25 05:35:50,NL,Apparel,T-shirt,3,30.55,91.65,2025-06,6,2025
INV100709,CUST4987,2025-03-02 13:20:16,NS,Apparel,Sneakers,5,239.37,1196.85,2025-03,3,2025
INV100710,CUST5625,2025-04-28 10:36:31,NL,Apparel,Jeans,3,305.23,915.69,2025-04,4,2025
INV100711,CUST5036,2025-02-27 09:26:49,SK,Electronics,Headphones,3,74.81,224.43,2025-02,2,2025
INV100712,CUST4982,2025-05-06 06:06:13,SK,Electronics,Laptop,1,185.83,185.83,2025-05,5,2025
INV100713,CUST7543,2025-06-11 02:31:54,ON,Apparel,T-shirt,5,72.75,363.75,2025-06,6,2025
INV100714,CUST8028,2025-01-21 15:17:24,NL,Electronics,Headphones,1,24.65,24.65,2025-01,1,2025
INV100715,CUST5387,2025-05-17 04:47:31,BC,Electronics,Monitor,3,442.14,1326.42,2025-05,5,2025
INV100716,CUST2496,2025-06-21 05:00:59,MB,Apparel,Sneakers,4,323.24,1292.96,2025-06,6,2025
INV100717,CUST5044,2025-02-24 18:05:50,NB,Apparel,Jacket,2,397.2,794.4,2025-02,2,2025
INV100718,CUST9179,2025-04-05 21:51:22,MB,Electronics,Monitor,1,249.5,249.5,2025-04,4,2025
INV100719,CUST8926,2025-02-26 11:51:54,QC,Apparel,T-shirt,2,58.82,117.64,2025-02,2,2025
INV100720,CUST5315,2025-05-06 22:26:25,NL,Apparel,T-shirt,1,169.69,169.69,2025-05,5,2025
INV100721,CUST3923,2025-03-17 17:44:35,ON,Electronics,Smartphone,1,496.78,496.78,2025-03,3,2025
INV100722,CUST2537,2025-03-01 18:37:00,NB,Electronics,Headphones,4,51.74,206.96,2025-03,3,2025
INV100723,CUST5260,2025-03-16 13:48:57,NL,Home,Sofa,3,113.6,340.8,2025-03,3,2025
INV100724,CUST1157,2025-05-12 19:43:15,MB,Electronics,Laptop,5,476.49,2382.45,2025-05,5,2025
INV100725,CUST3771,2025-02-23 20:20:50,SK,Electronics,Laptop,5,102.71,513.55,2025-02,2,2025
INV100726,CUST5418,2025-04-15 02:14:36,PE,Electronics,Monitor,3,352.03,1056.09,2025-04,4,2025
INV100727,CUST1961,2025-01-22 03:41:53,ON,Home,Sofa,5,163.93,819.65,2025-01,1,2025
INV100728,CUST5937,2025-02-03 16:32:01,NL,Electronics,Laptop,3,251.05,753.15,2025-02,2,2025
INV100729,CUST1016,2025-03-20 01:54:57,QC,Electronics,Monitor,1,303.2,303.2,2025-03,3,2025
INV100730,CUST3518,2025-05-06 13:17:23,ON,Electronics,Laptop,4,180.49,721.96,2025-05,5,2025
INV100731,CUST4853,2025-03-12 01:26:21,NL,Apparel,Jacket,1,213.94,213.94,2025-03,3,2025
INV100732,CUST5524,2025-05-08 23:01:28,NS,Apparel,T-shirt,4,212.07,848.28,2025-05,5,2025
INV100733,CUST9752,2025-05-22 17:03:14,NS,Home,Sofa,2,33.21,66.42,2025-05,5,2025
INV100734,CUST1706,2025-06-21 17:52:22,ON,Home,Sofa,4,256.87,1027.48,2025-06,6,2025
INV100735,CUST2008,2025-01-31 05:31:13,ON,Electronics,Laptop,3,250.54,751.62,2025-01,1,2025
INV100736,CUST5790,2025-04-26 23:00:05,AB,Apparel,Jacket,4,437.71,1750.84,2025-04,4,2025
INV100737,CUST9035,2025-04-17 22:43:00,ON,Home,Coffee Table,3,186.95,560.85,2025-04,4,2025
INV100738,CUST7469,2025-02-24 21:01:20,PE,Home,Sofa,2,105.92,211.84,2025-02,2,2025
INV100739,CUST8268,2025-03-17 06:56:29,MB,Apparel,T-shirt,1,374.27,374.27,2025-03,3,2025
INV100740,CUST2181,2025-04-13 20:03:59,QC,Electronics,Headphones,3,498.13,1494.39,2025-04,4,2025
INV100741,CUST7380,2025-06-08 07:56:06,QC,Electronics,Laptop,3,13.86,41.58,2025-06,6,2025
INV100742,CUST3975,2024-12-28 12:23:09,NS,Electronics,Headphones,4,138.69,554.76,2024-12,12,2024
INV100743,CUST5163,2025-02-25 10:39:14,MB,Apparel,Jeans,2,254.29,508.58,2025-02,2,2025
INV100744,CUST2795,2025-02-22 03:36:32,AB,Electronics,Smartphone,4,128.07,512.28,2025-02,2,2025
INV100745,CUST8356,2025-02-07 06:00:59,BC,Electronics,Monitor,1,449.76,449.76,2025-02,2,2025
INV100746,CUST1644,2025-03-21 21:55:05,NL,Apparel,Jacket,1,119.87,119.87,2025-03,3,2025
INV100747,CUST1810,2025-05-30 00:23:44,PE,Home,Bed,5,139.0,695.0,2025-05,5,2025
INV100748,CUST6023,2025-04-20 01:25:08,NS,Home,Coffee Table,1,113.86,113.86,2025-04,4,2025
INV100749,CUST6095,2025-04-25 05:44:31,ON,Home,Sofa,4,140.18,560.72,2025-04,4,2025
INV100750,CUST1045,2025-05-04 13:38:36,NS,Apparel,Jacket,3,46.26,138.78,2025-05,5,2025
INV100751,CUST7593,2025-03-01 00:17:03,NB,Home,Lamp,4,146.08,584.32,2025-03,3,2025
INV100752,CUST1624,2025-03-28 17:29:46,QC,Apparel,Jeans,4,295.47,1181.88,2025-03,3,2025
INV100753,CUST5344,2025-03-24 05:21:58,ON,Home,Bed,5,301.97,1509.85,2025-03,3,2025
INV100754,CUST3909,2025-03-24 07:06:29,NL,Apparel,Sneakers,1,95.1,95.1,2025-03,3,2025
INV100755,CUST1227,2025-05-08 15:08:43,PE,Electronics,Laptop,5,436.7,2183.5,2025-05,5,2025
INV100756,CUST7293,2025-02-07 22:24:53,QC,Apparel,Jeans,2,210.27,420.54,2025-02,2,2025
INV100757,CUST7767,2025-04-06 16:44:15,NS,Electronics,Laptop,4,333.78,1335.12,2025-04,4,2025
INV100758,CUST3079,2025-03-30 07:42:05,NL,Electronics,Headphones,2,143.17,286.34,2025-03,3,2025
INV100759,CUST3802,2025-05-31 13:34:09,ON,Electronics,Headphones,5,381.1,1905.5,2025-05,5,2025
INV100760,CUST4674,2025-06-21 10:18:04,QC,Electronics,Laptop,2,461.73,923.46,2025-06,6,2025
INV100761,CUST4361,2025-06-01 00:14:18,QC,Electronics,Monitor,2,230.59,461.18,2025-06,6,2025
INV100762,CUST1023,2025-05-20 08:19:23,NB,Home,Coffee Table,3,106.52,319.56,2025-05,5,2025
INV100763,CUST3059,2025-01-30 09:18:48,NB,Apparel,Jeans,2,361.21,722.42,2025-01,1,2025
INV100764,CUST4478,2025-05-05 08:57:40,ON,Electronics,Laptop,5,377.81,1889.05,2025-05,5,2025
INV100765,CUST2844,2025-01-13 21:40:12,AB,Apparel,Jeans,1,162.59,162.59,2025-01,1,2025
INV100766,CUST1451,2025-02-21 13:02:04,NS,Home,Coffee Table,2,109.68,219.36,2025-02,2,2025
INV100767,CUST4646,2025-04-07 12:40:28,SK,Apparel,Jacket,1,398.77,398.77,2025-04,4,2025
INV100768,CUST6007,2025-05-06 08:16:38,NS,Home,Lamp,5,101.46,507.3,2025-05,5,2025
INV100769,CUST3818,2025-04-30 08:12:44,NL,Apparel,T-shirt,3,371.71,1115.13,2025-04,4,2025
INV100770,CUST1168,2025-04-27 16:27:31,NB,Electronics,Monitor,4,106.29,425.16,2025-04,4,2025
INV100771,CUST1127,2025-03-03 12:35:04,BC,Electronics,Monitor,5,448.25,2241.25,2025-03,3,2025
INV100772,CUST3313,2025-01-15 13:42:36,MB,Electronics,Headphones,1,166.52,166.52,2025-01,1,2025
INV100773,CUST4295,2025-06-05 08:37:26,SK,Home,Sofa,2,200.35,400.7,2025-06,6,2025
INV100774,CUST8011,2025-05-23 07:03:05,AB,Apparel,Jacket,1,461.69,461.69,2025-05,5,2025
INV100775,CUST6459,2025-02-12 01:03:40,NL,Electronics,Headphones,3,239.74,719.22,2025-02,2,2025
INV100776,CUST8015,2025-05-08 01:56:57,BC,Electronics,Headphones,5,194.19,970.95,2025-05,5,2025
INV100777,CUST6630,2025-02-26 17:09:13,NS,Electronics,Monitor,5,483.56,2417.8,2025-02,2,2025
INV100778,CUST7401,2025-02-10 01:23:43,QC,Apparel,Sneakers,5,239.93,1199.65,2025-02,2,2025
INV100779,CUST2530,2025-06-03 01:20:58,ON,Home,Bed,5,227.57,1137.85,2025-06,6,2025
INV100780,CUST6847,2025-02-05 02:30:24,NS,Electronics,Headphones,5,486.58,2432.9,2025-02,2,2025
INV100781,CUST3460,2025-01-26 01:12:48,NB,Apparel,Jeans,5,63.26,316.3,2025-01,1,2025
INV100782,CUST9038,2025-01-02 04:19:29,SK,Home,Sofa,5,413.7,2068.5,2025-01,1,2025
INV100783,CUST9100,2025-01-06 09:51:56,NB,Electronics,Laptop,3,473.65,1420.95,2025-01,1,2025
INV100784,CUST2039,2025-02-13 23:32:35,AB,Apparel,Sneakers,4,260.86,1043.44,2025-02,2,2025
INV100785,CUST3575,2025-03-30 16:47:24,NB,Apparel,Jeans,1,38.31,38.31,2025-03,3,2025
INV100786,CUST2778,2025-04-26 03:14:14,MB,Apparel,Jeans,1,417.13,417.13,2025-04,4,2025
INV100787,CUST3379,2025-06-11 10:33:31,NL,Apparel,T-shirt,2,278.51,557.02,2025-06,6,2025
INV100788,CUST1247,2025-05-26 15:54:50,AB,Electronics,Smartphone,3,16.32,48.96,2025-05,5,2025
INV100789,CUST9086,2025-01-11 13:53:53,NL,Electronics,Monitor,2,326.34,652.68,2025-01,1,2025
INV100790,CUST3199,2025-03-26 20:53:14,ON,Apparel,T-shirt,3,128.52,385.56,2025-03,3,2025
INV100791,CUST3678,2025-03-18 21:55:45,MB,Electronics,Smartphone,2,53.4,106.8,2025-03,3,2025
INV100792,CUST4760,2025-06-18 12:11:29,QC,Home,Lamp,2,366.73,733.46,2025-06,6,2025
INV100793,CUST7305,2025-04-29 17:24:48,SK,Home,Coffee Table,5,309.74,1548.7,2025-04,4,2025
INV100794,CUST8104,2025-04-19 05:18:54,QC,Home,Coffee Table,5,497.59,2487.95,2025-04,4,2025
INV100795,CUST2848,2025-02-04 04:37:40,QC,Electronics,Headphones,5,16.78,83.9,2025-02,2,2025
INV100796,CUST5450,2025-05-16 22:13:43,NL,Electronics,Smartphone,4,329.76,1319.04,2025-05,5,2025
INV100797,CUST5229,2025-05-12 15:44:24,AB,Home,Sofa,1,54.5,54.5,2025-05,5,2025
INV100798,CUST7283,2025-03-12 23:57:48,MB,Home,Lamp,1,364.13,364.13,2025-03,3,2025
INV100799,CUST5887,2025-04-03 10:27:31,SK,Home,Bed,2,11.6,23.2,2025-04,4,2025
INV100800,CUST2189,2025-03-16 01:00:41,NS,Apparel,T-shirt,5,16.72,83.6,2025-03,3,2025
INV100801,CUST2747,2025-02-13 19:32:38,NS,Apparel,T-shirt,1,128.32,128.32,2025-02,2,2025
INV100802,CUST9533,2025-01-26 02:13:35,AB,Electronics,Laptop,3,204.59,613.77,2025-01,1,2025
INV100803,CUST4874,2025-05-04 19:56:45,ON,Electronics,Laptop,4,445.56,1782.24,2025-05,5,2025
INV100804,CUST4553,2025-05-10 23:02:48,BC,Electronics,Smartphone,5,402.83,2014.15,2025-05,5,2025
INV100805,CUST2859,2024-12-29 12:20:05,SK,Electronics,Monitor,1,27.94,27.94,2024-12,12,2024
INV100806,CUST2783,2025-06-19 18:35:25,BC,Electronics,Smartphone,5,446.07,2230.35,2025-06,6,2025
INV100807,CUST7092,2025-05-23 06:14:32,SK,Home,Lamp,1,139.42,139.42,2025-05,5,2025
INV100808,CUST2050,2025-06-13 12:26:16,SK,Apparel,Jeans,3,95.29,285.87,2025-06,6,2025
INV100809,CUST7130,2025-05-26 23:10:10,SK,Apparel,Jeans,2,247.57,495.14,2025-05,5,2025
INV100810,CUST9605,2025-06-18 09:03:40,MB,Electronics,Headphones,1,387.69,387.69,2025-06,6,2025
INV100811,CUST4769,2025-01-18 03:13:37,SK,Home,Sofa,4,298.58,1194.32,2025-01,1,2025
INV100812,CUST4537,2025-05-28 14:11:46,MB,Electronics,Smartphone,1,12.1,12.1,2025-05,5,2025
INV100813,CUST5994,2025-03-20 23:49:08,AB,Home,Coffee Table,3,426.89,1280.67,2025-03,3,2025
INV100814,CUST6085,2025-02-08 22:22:04,SK,Apparel,T-shirt,2,315.47,630.94,2025-02,2,2025
INV100815,CUST6718,2025-01-31 14:11:07,NL,Home,Sofa,5,159.19,795.95,2025-01,1,2025
INV100816,CUST9550,2025-06-02 13:55:03,PE,Home,Sofa,5,382.75,1913.75,2025-06,6,2025
INV100817,CUST4949,2025-05-12 13:40:41,NS,Home,Lamp,5,439.18,2195.9,2025-05,5,2025
INV100818,CUST1043,2025-04-08 00:21:08,QC,Apparel,Jacket,5,416.89,2084.45,2025-04,4,2025
INV100819,CUST9289,2025-03-28 15:27:12,QC,Apparel,Jeans,5,468.83,2344.15,2025-03,3,2025
INV100820,CUST9445,2025-01-07 04:31:43,NS,Home,Lamp,3,342.96,1028.88,2025-01,1,2025
INV100821,CUST1631,2025-04-15 16:11:36,SK,Electronics,Monitor,2,130.88,261.76,2025-04,4,2025
INV100822,CUST1280,2025-02-14 19:50:32,ON,Electronics,Laptop,4,450.0,1800.0,2025-02,2,2025
INV100823,CUST8214,2025-06-24 14:12:51,SK,Home,Bed,1,335.71,335.71,2025-06,6,2025
INV100824,CUST8322,2025-06-11 04:01:41,PE,Electronics,Laptop,3,155.8,467.4,2025-06,6,2025
INV100825,CUST1852,2025-01-21 00:03:58,AB,Apparel,Jeans,2,483.76,967.52,2025-01,1,2025
INV100826,CUST7610,2025-03-27 01:45:37,PE,Electronics,Monitor,5,28.64,143.2,2025-03,3,2025
INV100827,CUST1119,2025-01-23 07:53:57,BC,Home,Bed,1,131.34,131.34,2025-01,1,2025
INV100828,CUST4740,2025-06-02 01:21:58,BC,Apparel,Sneakers,4,159.39,637.56,2025-06,6,2025
INV100829,CUST5615,2025-03-28 15:53:18,BC,Apparel,Sneakers,5,335.2,1676.0,2025-03,3,2025
INV100830,CUST7934,2025-05-07 01:37:54,PE,Home,Bed,3,283.29,849.87,2025-05,5,2025
INV100831,CUST2918,2025-04-10 13:44:53,AB,Home,Lamp,1,119.62,119.62,2025-04,4,2025
INV100832,CUST7867,2025-04-15 23:16:29,PE,Electronics,Laptop,5,248.04,1240.2,2025-04,4,2025
INV100833,CUST3529,2025-04-23 01:30:11,MB,Home,Lamp,2,77.76,155.52,2025-04,4,2025
INV100834,CUST4350,2025-02-28 01:12:35,ON,Electronics,Laptop,4,464.37,1857.48,2025-02,2,2025
INV100835,CUST7227,2025-05-24 02:12:51,SK,Apparel,T-shirt,3,49.49,148.47,2025-05,5,2025
INV100836,CUST3678,2025-06-19 12:50:24,SK,Home,Sofa,2,117.36,234.72,2025-06,6,2025
INV100837,CUST8766,2025-03-24 09:02:08,NB,Apparel,Sneakers,2,87.48,174.96,2025-03,3,2025
INV100838,CUST4295,2025-04-26 09:39:39,NS,Home,Sofa,1,72.17,72.17,2025-04,4,2025
INV100839,CUST8836,2025-06-04 16:41:59,QC,Electronics,Monitor,5,297.22,1486.1,2025-06,6,2025
INV100840,CUST4278,2025-05-17 02:33:13,NL,Apparel,Sneakers,2,200.05,400.1,2025-05,5,2025
INV100841,CUST6040,2025-06-19 15:36:36,BC,Home,Coffee Table,3,236.56,709.68,2025-06,6,2025
INV100842,CUST7605,2025-04-05 10:55:51,NL,Home,Coffee Table,1,194.47,194.47,2025-04,4,2025
INV100843,CUST3808,2025-03-21 07:15:00,QC,Electronics,Headphones,1,167.91,167.91,2025-03,3,2025
INV100844,CUST3151,2025-06-07 17:13:37,PE,Home,Coffee Table,4,82.9,331.6,2025-06,6,2025
INV100845,CUST4775,2025-06-22 12:44:36,MB,Apparel,Jeans,4,328.99,1315.96,2025-06,6,2025
INV100846,CUST6415,2025-04-13 19:45:45,NB,Apparel,Jeans,3,132.34,397.02,2025-04,4,2025
INV100847,CUST9256,2025-03-25 00:36:07,SK,Home,Bed,2,457.24,914.48,2025-03,3,2025
INV100848,CUST7638,2025-06-20 15:47:13,NB,Home,Coffee Table,3,151.84,455.52,2025-06,6,2025
INV100849,CUST2357,2025-01-28 08:13:25,NB,Electronics,Monitor,2,240.66,481.32,2025-01,1,2025
INV100850,CUST5328,2025-05-21 20:10:46,ON,Apparel,T-shirt,5,232.15,1160.75,2025-05,5,2025
INV100851,CUST9422,2025-06-13 17:21:05,ON,Home,Lamp,3,268.06,804.18,2025-06,6,2025
INV100852,CUST5284,2025-03-30 14:38:14,MB,Apparel,Jeans,4,474.75,1899.0,2025-03,3,2025
INV100853,CUST5344,2025-03-25 19:58:16,AB,Electronics,Laptop,4,350.73,1402.92,2025-03,3,2025
INV100854,CUST1352,2025-02-16 18:24:51,QC,Electronics,Monitor,5,110.92,554.6,2025-02,2,2025
INV100855,CUST5601,2025-05-23 10:01:40,BC,Home,Sofa,3,45.15,135.45,2025-05,5,2025
INV100856,CUST4546,2025-02-14 10:42:53,PE,Electronics,Headphones,4,95.16,380.64,2025-02,2,2025
INV100857,CUST2193,2025-06-09 12:32:20,BC,Electronics,Laptop,4,463.25,1853.0,2025-06,6,2025
INV100858,CUST7339,2025-05-01 06:12:42,SK,Electronics,Laptop,3,292.13,876.39,2025-05,5,2025
INV100859,CUST2335,2025-02-20 06:51:31,NS,Electronics,Smartphone,5,498.5,2492.5,2025-02,2,2025
INV100860,CUST1088,2025-05-26 03:26:40,NL,Home,Bed,3,495.64,1486.92,2025-05,5,2025
INV100861,CUST9491,2025-05-28 10:43:17,BC,Home,Bed,1,20.33,20.33,2025-05,5,2025
INV100862,CUST3653,2025-04-08 15:55:38,NS,Electronics,Smartphone,2,234.93,469.86,2025-04,4,2025
INV100863,CUST4258,2025-04-01 12:52:47,BC,Electronics,Monitor,4,41.39,165.56,2025-04,4,2025
INV100864,CUST5649,2025-04-29 03:21:12,QC,Electronics,Laptop,3,246.69,740.07,2025-04,4,2025
INV100865,CUST3603,2025-02-12 21:27:38,SK,Apparel,Jacket,3,456.39,1369.17,2025-02,2,2025
INV100866,CUST5604,2025-02-19 18:12:39,PE,Home,Bed,1,178.08,178.08,2025-02,2,2025
INV100867,CUST2248,2025-03-23 20:26:56,PE,Electronics,Smartphone,1,81.56,81.56,2025-03,3,2025
INV100868,CUST3212,2025-01-12 11:35:33,PE,Home,Sofa,3,496.49,1489.47,2025-01,1,2025
INV100869,CUST4482,2025-05-15 23:51:15,QC,Home,Lamp,4,80.69,322.76,2025-05,5,2025
INV100870,CUST3368,2025-02-21 22:05:01,QC,Apparel,Sneakers,3,242.76,728.28,2025-02,2,2025
INV100871,CUST4902,2025-02-11 23:18:48,AB,Home,Lamp,4,37.95,151.8,2025-02,2,2025
INV100872,CUST9812,2025-02-19 04:46:42,BC,Electronics,Smartphone,2,128.17,256.34,2025-02,2,2025
INV100873,CUST5718,2025-03-03 15:39:25,NB,Electronics,Headphones,3,145.66,436.98,2025-03,3,2025
INV100874,CUST4520,2025-02-28 12:26:55,QC,Electronics,Headphones,5,244.09,1220.45,2025-02,2,2025
INV100875,CUST1822,2025-06-19 20:18:03,ON,Electronics,Headphones,5,14.91,74.55,2025-06,6,2025
INV100876,CUST5863,2025-04-12 07:47:09,NL,Apparel,Jacket,4,131.88,527.52,2025-04,4,2025
INV100877,CUST2068,2025-01-13 02:00:47,PE,Electronics,Headphones,1,335.73,335.73,2025-01,1,2025
INV100878,CUST5720,2025-01-24 07:21:50,PE,Electronics,Monitor,1,305.91,305.91,2025-01,1,2025
INV100879,CUST1281,2025-01-26 17:24:57,AB,Home,Bed,4,345.72,1382.88,2025-01,1,2025
INV100880,CUST2664,2025-02-11 08:15:02,BC,Electronics,Headphones,3,431.92,1295.76,2025-02,2,2025
INV100881,CUST4233,2025-03-12 19:34:04,NS,Electronics,Headphones,3,24.52,73.56,2025-03,3,2025
INV100882,CUST1375,2025-05-12 04:32:04,AB,Electronics,Laptop,2,334.3,668.6,2025-05,5,2025
INV100883,CUST4959,2025-01-27 02:37:05,NL,Electronics,Headphones,2,101.09,202.18,2025-01,1,2025
INV100884,CUST1731,2025-05-14 14:38:45,NS,Home,Sofa,2,393.87,787.74,2025-05,5,2025
INV100885,CUST6324,2025-02-07 23:35:12,SK,Apparel,Jacket,1,197.08,197.08,2025-02,2,2025
INV100886,CUST8180,2025-01-09 21:49:20,ON,Home,Sofa,1,176.58,176.58,2025-01,1,2025
INV100887,CUST9360,2025-03-18 23:55:07,MB,Home,Coffee Table,2,54.92,109.84,2025-03,3,2025
INV100888,CUST2170,2025-03-17 14:02:41,PE,Electronics,Smartphone,1,257.72,257.72,2025-03,3,2025
INV100889,CUST2126,2025-03-02 16:30:47,PE,Home,Lamp,4,10.73,42.92,2025-03,3,2025
INV100890,CUST8123,2025-04-12 19:14:43,MB,Home,Bed,3,141.33,423.99,2025-04,4,2025
INV100891,CUST2384,2025-03-28 21:51:31,PE,Apparel,T-shirt,1,229.25,229.25,2025-03,3,2025
INV100892,CUST6527,2025-03-19 04:08:33,AB,Electronics,Smartphone,1,418.0,418.0,2025-03,3,2025
INV100893,CUST8622,2025-01-09 12:40:24,BC,Electronics,Monitor,3,390.13,1170.39,2025-01,1,2025
INV100894,CUST4068,2025-02-06 14:24:44,PE,Electronics,Headphones,4,20.29,81.16,2025-02,2,2025
INV100895,CUST3468,2025-06-08 04:02:54,NB,Electronics,Monitor,5,36.74,183.7,2025-06,6,2025
INV100896,CUST9616,2025-03-20 00:30:17,MB,Electronics,Laptop,3,380.72,1142.16,2025-03,3,2025
INV100897,CUST1289,2025-03-14 01:35:15,BC,Electronics,Monitor,3,375.13,1125.39,2025-03,3,2025
INV100898,CUST3514,2025-06-22 03:20:49,SK,Electronics,Headphones,1,22.19,22.19,2025-06,6,2025
INV100899,CUST2533,2025-05-26 22:00:08,MB,Home,Lamp,3,495.09,1485.27,2025-05,5,2025
INV100900,CUST1674,2025-04-20 20:30:05,QC,Home,Lamp,2,85.14,170.28,2025-04,4,2025
INV100901,CUST3560,2025-05-12 11:51:58,PE,Apparel,Jeans,4,112.92,451.68,2025-05,5,2025
INV100902,CUST2957,2025-01-01 05:31:10,SK,Home,Coffee Table,4,230.12,920.48,2025-01,1,2025
INV100903,CUST8388,2025-06-12 19:09:17,MB,Home,Lamp,2,291.95,583.9,2025-06,6,2025
INV100904,CUST6386,2025-06-17 10:39:06,ON,Electronics,Smartphone,4,492.5,1970.0,2025-06,6,2025
INV100905,CUST5408,2025-05-26 02:25:24,QC,Apparel,T-shirt,1,274.97,274.97,2025-05,5,2025
INV100906,CUST1252,2025-04-19 05:24:20,PE,Home,Bed,5,75.16,375.8,2025-04,4,2025
INV100907,CUST3566,2025-03-12 07:11:53,AB,Electronics,Headphones,1,334.68,334.68,2025-03,3,2025
INV100908,CUST7604,2025-03-31 01:22:51,SK,Apparel,Sneakers,3,476.84,1430.52,2025-03,3,2025
INV100909,CUST3422,2024-12-29 13:58:18,ON,Apparel,Jacket,4,451.79,1807.16,2024-12,12,2024
INV100910,CUST5262,2025-03-06 17:48:32,ON,Apparel,Sneakers,5,132.42,662.1,2025-03,3,2025
INV100911,CUST6076,2025-02-24 10:07:47,ON,Apparel,Jeans,2,14.65,29.3,2025-02,2,2025
INV100912,CUST5302,2025-05-23 17:56:33,QC,Home,Bed,5,206.14,1030.7,2025-05,5,2025
INV100913,CUST1599,2025-03-14 03:57:49,MB,Electronics,Smartphone,3,480.12,1440.36,2025-03,3,2025
INV100914,CUST9657,2025-06-12 03:50:59,AB,Electronics,Monitor,2,243.46,486.92,2025-06,6,2025
INV100915,CUST2282,2025-06-19 13:50:41,SK,Apparel,Jeans,5,477.78,2388.9,2025-06,6,2025
INV100916,CUST7687,2025-06-08 17:16:19,NL,Apparel,Jeans,1,78.54,78.54,2025-06,6,2025
INV100917,CUST1915,2025-03-19 19:16:29,QC,Electronics,Smartphone,2,234.7,469.4,2025-03,3,2025
INV100918,CUST4962,2025-04-11 22:47:01,NS,Electronics,Laptop,4,212.94,851.76,2025-04,4,2025
INV100919,CUST7486,2025-05-22 14:10:10,MB,Home,Coffee Table,2,154.08,308.16,2025-05,5,2025
INV100920,CUST2869,2025-05-20 02:08:13,AB,Apparel,Jeans,5,494.39,2471.95,2025-05,5,2025
INV100921,CUST5464,2025-04-13 11:39:18,MB,Home,Coffee Table,4,108.43,433.72,2025-04,4,2025
INV100922,CUST4322,2025-06-01 18:09:00,NL,Home,Lamp,5,392.77,1963.85,2025-06,6,2025
INV100923,CUST4914,2025-04-24 13:51:17,NS,Home,Bed,3,13.37,40.11,2025-04,4,2025
INV100924,CUST9573,2025-06-20 18:35:53,NB,Home,Lamp,2,43.86,87.72,2025-06,6,2025
INV100925,CUST5686,2025-02-09 06:16:44,PE,Apparel,Jeans,4,469.6,1878.4,2025-02,2,2025
INV100926,CUST8138,2025-04-02 05:48:30,ON,Apparel,Jacket,2,222.44,444.88,2025-04,4,2025
INV100927,CUST2033,2025-02-09 01:04:23,MB,Home,Sofa,1,463.42,463.42,2025-02,2,2025
INV100928,CUST2326,2025-02-19 10:27:53,NS,Electronics,Smartphone,5,357.72,1788.6,2025-02,2,2025
INV100929,CUST5589,2025-03-23 01:38:13,MB,Apparel,Sneakers,2,186.97,373.94,2025-03,3,2025
INV100930,CUST7316,2025-04-01 17:44:59,SK,Home,Bed,1,29.09,29.09,2025-04,4,2025
INV100931,CUST8033,2025-01-03 01:45:34,MB,Apparel,T-shirt,1,405.64,405.64,2025-01,1,2025
INV100932,CUST2615,2025-03-13 22:42:00,NB,Apparel,Jacket,1,14.81,14.81,2025-03,3,2025
INV100933,CUST4126,2025-03-03 16:58:16,PE,Apparel,Jacket,2,474.69,949.38,2025-03,3,2025
INV100934,CUST1800,2025-05-07 07:40:16,PE,Electronics,Laptop,1,164.65,164.65,2025-05,5,2025
INV100935,CUST7835,2025-05-09 07:31:29,NB,Home,Coffee Table,4,438.55,1754.2,2025-05,5,2025
INV100936,CUST5304,2025-06-01 10:06:25,MB,Electronics,Smartphone,1,213.58,213.58,2025-06,6,2025
INV100937,CUST3196,2025-03-16 22:44:47,MB,Home,Bed,3,470.9,1412.7,2025-03,3,2025
INV100938,CUST8293,2025-05-18 01:25:26,AB,Apparel,Sneakers,3,281.72,845.16,2025-05,5,2025
INV100939,CUST5246,2025-01-29 11:39:30,NB,Apparel,Sneakers,1,291.64,291.64,2025-01,1,2025
INV100940,CUST4415,2025-06-09 15:32:04,NS,Apparel,Jeans,1,334.43,334.43,2025-06,6,2025
INV100941,CUST5534,2025-03-29 04:41:24,ON,Electronics,Smartphone,3,161.51,484.53,2025-03,3,2025
INV100942,CUST4113,2025-06-24 23:52:07,BC,Home,Sofa,3,212.46,637.38,2025-06,6,2025
INV100943,CUST3972,2025-01-22 05:16:58,MB,Electronics,Laptop,3,358.98,1076.94,2025-01,1,2025
INV100944,CUST3308,2025-04-28 06:25:18,NL,Electronics,Smartphone,2,72.79,145.58,2025-04,4,2025
INV100945,CUST7937,2025-04-11 03:41:26,SK,Home,Bed,5,42.81,214.05,2025-04,4,2025
INV100946,CUST9138,2025-01-02 16:10:00,MB,Home,Lamp,5,373.27,1866.35,2025-01,1,2025
INV100947,CUST9553,2025-06-22 13:05:20,AB,Electronics,Laptop,1,474.98,474.98,2025-06,6,2025
INV100948,CUST7529,2025-03-14 22:45:41,QC,Electronics,Headphones,5,443.17,2215.85,2025-03,3,2025
INV100949,CUST6724,2025-04-22 08:54:51,AB,Apparel,Jeans,5,375.39,1876.95,2025-04,4,2025
INV100950,CUST6754,2025-04-17 00:45:05,NB,Electronics,Laptop,4,141.78,567.12,2025-04,4,2025
INV100951,CUST5291,2025-05-06 04:17:49,NS,Apparel,Sneakers,5,410.06,2050.3,2025-05,5,2025
INV100952,CUST7941,2025-01-02 16:47:55,NS,Apparel,T-shirt,5,54.37,271.85,2025-01,1,2025
INV100953,CUST8110,2025-01-13 17:43:03,MB,Home,Lamp,2,475.76,951.52,2025-01,1,2025
INV100954,CUST2901,2025-05-02 05:55:28,NS,Electronics,Laptop,5,129.81,649.05,2025-05,5,2025
INV100955,CUST7201,2025-03-21 15:58:28,NS,Electronics,Smartphone,4,286.91,1147.64,2025-03,3,2025
INV100956,CUST2926,2025-01-23 18:53:58,BC,Apparel,Jeans,1,202.93,202.93,2025-01,1,2025
INV100957,CUST8773,2025-06-14 18:18:51,NL,Home,Coffee Table,2,22.66,45.32,2025-06,6,2025
INV100958,CUST7718,2025-03-28 02:09:53,ON,Home,Sofa,1,317.25,317.25,2025-03,3,2025
INV100959,CUST6135,2025-02-01 17:24:46,ON,Apparel,Jeans,1,179.58,179.58,2025-02,2,2025
INV100960,CUST8646,2025-01-07 04:50:15,NL,Apparel,T-shirt,1,487.3,487.3,2025-01,1,2025
INV100961,CUST1593,2025-02-16 22:54:37,NL,Home,Bed,1,265.81,265.81,2025-02,2,2025
INV100962,CUST7662,2025-03-12 01:14:46,NB,Electronics,Headphones,2,379.16,758.32,2025-03,3,2025
INV100963,CUST3027,2025-03-02 00:04:05,NS,Home,Bed,3,59.57,178.71,2025-03,3,2025
INV100964,CUST2125,2025-02-07 12:54:09,AB,Home,Coffee Table,1,365.78,365.78,2025-02,2,2025
INV100965,CUST9739,2025-03-26 17:32:47,AB,Electronics,Headphones,1,134.78,134.78,2025-03,3,2025
INV100966,CUST3365,2025-03-01 21:42:21,AB,Electronics,Headphones,5,296.22,1481.1,2025-03,3,2025
INV100967,CUST8560,2025-03-03 23:21:38,NL,Apparel,Jeans,3,279.22,837.66,2025-03,3,2025
INV100968,CUST8002,2025-05-25 06:04:54,QC,Home,Coffee Table,5,277.05,1385.25,2025-05,5,2025
INV100969,CUST2541,2025-06-17 05:54:49,NB,Home,Coffee Table,1,370.99,370.99,2025-06,6,2025
INV100970,CUST9316,2025-03-12 01:21:01,AB,Home,Sofa,1,205.5,205.5,2025-03,3,2025
INV100971,CUST3029,2025-02-20 11:15:50,NS,Home,Sofa,1,467.16,467.16,2025-02,2,2025
INV100972,CUST1996,2025-05-23 11:06:50,NL,Home,Sofa,2,218.05,436.1,2025-05,5,2025
INV100973,CUST2898,2025-06-07 23:32:32,QC,Apparel,T-shirt,2,34.75,69.5,2025-06,6,2025
INV100974,CUST7763,2025-03-20 07:07:43,PE,Home,Lamp,3,355.45,1066.35,2025-03,3,2025
INV100975,CUST4574,2025-02-15 10:09:52,QC,Home,Sofa,4,402.53,1610.12,2025-02,2,2025
INV100976,CUST8262,2025-06-08 13:27:39,QC,Apparel,Jeans,3,317.0,951.0,2025-06,6,2025
INV100977,CUST4711,2025-01-13 08:12:17,SK,Electronics,Smartphone,4,468.69,1874.76,2025-01,1,2025
INV100978,CUST7421,2025-03-29 18:16:58,MB,Electronics,Monitor,2,159.27,318.54,2025-03,3,2025
INV100979,CUST1863,2025-01-01 04:49:36,PE,Apparel,T-shirt,3,288.18,864.54,2025-01,1,2025
INV100980,CUST5970,2025-05-22 21:12:00,BC,Apparel,T-shirt,1,115.25,115.25,2025-05,5,2025
INV100981,CUST7905,2025-04-12 04:22:08,ON,Home,Lamp,5,71.67,358.35,2025-04,4,2025
INV100982,CUST5812,2025-01-07 13:13:50,MB,Home,Sofa,2,143.28,286.56,2025-01,1,2025
INV100983,CUST5069,2025-03-06 09:25:39,NB,Home,Sofa,1,413.7,413.7,2025-03,3,2025
INV100984,CUST8409,2025-02-09 23:26:42,ON,Electronics,Monitor,2,454.25,908.5,2025-02,2,2025
INV100985,CUST4585,2025-05-03 16:23:06,PE,Home,Sofa,5,82.66,413.3,2025-05,5,2025
INV100986,CUST6846,2025-01-10 18:16:44,PE,Apparel,Jeans,1,257.86,257.86,2025-01,1,2025
INV100987,CUST6340,2025-05-29 03:18:14,NS,Electronics,Monitor,3,331.37,994.11,2025-05,5,2025
INV100988,CUST5653,2025-05-03 23:53:27,NL,Home,Lamp,5,191.24,956.2,2025-05,5,2025
INV100989,CUST1639,2025-01-05 06:06:38,NS,Home,Bed,5,85.31,426.55,2025-01,1,2025
INV100990,CUST9867,2025-05-23 21:28:32,PE,Electronics,Headphones,5,31.62,158.1,2025-05,5,2025
INV100991,CUST6238,2025-01-03 11:06:15,SK,Home,Bed,4,455.07,1820.28,2025-01,1,2025
INV100992,CUST2944,2025-02-14 10:55:04,PE,Home,Bed,4,261.2,1044.8,2025-02,2,2025
INV100993,CUST2538,2025-02-05 03:34:56,SK,Electronics,Laptop,4,271.3,1085.2,2025-02,2,2025
INV100994,CUST9946,2025-06-09 09:35:02,BC,Apparel,Sneakers,4,274.91,1099.64,2025-06,6,2025
INV100995,CUST8152,2025-01-01 09:28:18,QC,Electronics,Laptop,1,78.19,78.19,2025-01,1,2025
INV100996,CUST2515,2025-04-28 02:07:41,MB,Home,Coffee Table,3,169.44,508.32,2025-04,4,2025
INV100997,CUST2061,2025-01-27 00:38:50,NL,Electronics,Monitor,1,331.44,331.44,2025-01,1,2025
INV100998,CUST9234,2025-02-12 18:11:39,BC,Home,Lamp,1,41.97,41.97,2025-02,2,2025
INV100999,CUST5227,2025-01-21 22:43:35,NB,Apparel,T-shirt,5,63.34,316.7,2025-01,1,2025
